種別	配置名	項	名称	分類	寸法	比	prompt
主図版	companions	1	同胞団	I 職能結社	174×139.2mm	5:4	Copperplate engraving, line art only. Pure black ink on a plain white ground — no grey wash, no colour, no gradients. Tone is built solely from engraved hatching: parallel burin lines, cross-hatching at 54 degrees for the darker passages, a third pass at 108 degrees only for the darkest. Every line swells at its middle and tapers at both ends, as a burin cuts. No solid black areas — a copperplate has none. Light falls from the upper left in every plate. The density of the hatching is identical regardless of subject size. No lettering, no caption, no signature, no border, no frame, no vignette. Flat on the page, no paper texture, no ageing, no stains, no torn edges. A single architectural or landscape scene, viewed from a fixed middle distance. Horizon low. The structure occupies the middle third of the height. Human figures, where present, are small and unindividuated — they establish scale, nothing more. Subject: A mead hall on a hilltop above a walled town; its roof is the hull of an upturned longship. Setting: a cold northern province — conifer forest, snow, stone and timber. Aspect ratio 5:4 (landscape).
人物図版	companions-1	1	同胞団／コドラク・ホワイトメーン	I 職能結社	62×93mm	2:3	Copperplate engraving, line art only. Pure black ink on a plain white ground — no grey wash, no colour, no gradients. Tone is built solely from engraved hatching: parallel burin lines, cross-hatching at 54 degrees for the darker passages, a third pass at 108 degrees only for the darkest. Every line swells at its middle and tapers at both ends, as a burin cuts. No solid black areas — a copperplate has none. Light falls from the upper left in every plate. The density of the hatching is identical regardless of subject size. No lettering, no caption, no signature, no border, no frame, no vignette. Flat on the page, no paper texture, no ageing, no stains, no torn edges. A bust portrait, head and shoulders, cut off at the chest. Plain white ground behind. The face is fully drawn as a specific individual: eyes with visible irises and a defined direction of gaze, individual bone structure at the brow, nose and jaw, and a settled expression that reads as character rather than emotion. Age is rendered explicitly in the flesh — where the record notes an aged subject, the lines, hollows and slackness must be unmistakable. Subject: a Nord of the northern province, broad, heavy build, facing the viewer squarely. This is the face of a person past sixty. bare-headed, long hair falling past the shoulders, wearing a fur mantle over the shoulders. Holding a closed book, small, at the lower edge. Aspect ratio 2:3 (portrait).
人物図版	companions-2	1	同胞団／ヴィルカス	I 職能結社	62×93mm	2:3	Copperplate engraving, line art only. Pure black ink on a plain white ground — no grey wash, no colour, no gradients. Tone is built solely from engraved hatching: parallel burin lines, cross-hatching at 54 degrees for the darker passages, a third pass at 108 degrees only for the darkest. Every line swells at its middle and tapers at both ends, as a burin cuts. No solid black areas — a copperplate has none. Light falls from the upper left in every plate. The density of the hatching is identical regardless of subject size. No lettering, no caption, no signature, no border, no frame, no vignette. Flat on the page, no paper texture, no ageing, no stains, no torn edges. A bust portrait, head and shoulders, cut off at the chest. Plain white ground behind. The face is fully drawn as a specific individual: eyes with visible irises and a defined direction of gaze, individual bone structure at the brow, nose and jaw, and a settled expression that reads as character rather than emotion. Age is rendered explicitly in the flesh — where the record notes an aged subject, the lines, hollows and slackness must be unmistakable. Subject: a Nord of the northern province, ordinary build, turned a quarter to the left. This is the face of a person in their thirties. bare-headed, short cropped hair, wearing a mail shirt. a scar across one cheek. Holding a straight sword held upright before the chest, small, at the lower edge. Aspect ratio 2:3 (portrait).
人物図版	companions-3	1	同胞団／アエラ	I 職能結社	62×93mm	2:3	Copperplate engraving, line art only. Pure black ink on a plain white ground — no grey wash, no colour, no gradients. Tone is built solely from engraved hatching: parallel burin lines, cross-hatching at 54 degrees for the darker passages, a third pass at 108 degrees only for the darkest. Every line swells at its middle and tapers at both ends, as a burin cuts. No solid black areas — a copperplate has none. Light falls from the upper left in every plate. The density of the hatching is identical regardless of subject size. No lettering, no caption, no signature, no border, no frame, no vignette. Flat on the page, no paper texture, no ageing, no stains, no torn edges. A bust portrait, head and shoulders, cut off at the chest. Plain white ground behind. The face is fully drawn as a specific individual: eyes with visible irises and a defined direction of gaze, individual bone structure at the brow, nose and jaw, and a settled expression that reads as character rather than emotion. Age is rendered explicitly in the flesh — where the record notes an aged subject, the lines, hollows and slackness must be unmistakable. Subject: a Nord of the northern province, slight build, turned in profile to the left. This is the face of a person in their thirties. bare-headed, a single heavy braid, wearing a studded leather jerkin. Holding a bow, small, at the lower edge. Aspect ratio 2:3 (portrait).
主図版	thieves	2	盗賊ギルド	I 職能結社	174×139.2mm	5:4	Copperplate engraving, line art only. Pure black ink on a plain white ground — no grey wash, no colour, no gradients. Tone is built solely from engraved hatching: parallel burin lines, cross-hatching at 54 degrees for the darker passages, a third pass at 108 degrees only for the darkest. Every line swells at its middle and tapers at both ends, as a burin cuts. No solid black areas — a copperplate has none. Light falls from the upper left in every plate. The density of the hatching is identical regardless of subject size. No lettering, no caption, no signature, no border, no frame, no vignette. Flat on the page, no paper texture, no ageing, no stains, no torn edges. A single architectural or landscape scene, viewed from a fixed middle distance. Horizon low. The structure occupies the middle third of the height. Human figures, where present, are small and unindividuated — they establish scale, nothing more. Subject: A stone stair descending into a city sewer; from the street side it reads as nothing but a drain. Night. The sky is worked up with dense hatching; the ground stays light. Setting: a cold northern province — conifer forest, snow, stone and timber. Aspect ratio 5:4 (landscape).
人物図版	thieves-1	2	盗賊ギルド／ブリニョルフ	I 職能結社	62×93mm	2:3	Copperplate engraving, line art only. Pure black ink on a plain white ground — no grey wash, no colour, no gradients. Tone is built solely from engraved hatching: parallel burin lines, cross-hatching at 54 degrees for the darker passages, a third pass at 108 degrees only for the darkest. Every line swells at its middle and tapers at both ends, as a burin cuts. No solid black areas — a copperplate has none. Light falls from the upper left in every plate. The density of the hatching is identical regardless of subject size. No lettering, no caption, no signature, no border, no frame, no vignette. Flat on the page, no paper texture, no ageing, no stains, no torn edges. A bust portrait, head and shoulders, cut off at the chest. Plain white ground behind. The face is fully drawn as a specific individual: eyes with visible irises and a defined direction of gaze, individual bone structure at the brow, nose and jaw, and a settled expression that reads as character rather than emotion. Age is rendered explicitly in the flesh — where the record notes an aged subject, the lines, hollows and slackness must be unmistakable. Subject: a Nord of the northern province, ordinary build, turned a quarter to the left. This is the face of a person in their fifties. bare-headed, long hair falling past the shoulders, wearing a studded leather jerkin. Aspect ratio 2:3 (portrait).
人物図版	thieves-2	2	盗賊ギルド／メルセル	I 職能結社	62×93mm	2:3	Copperplate engraving, line art only. Pure black ink on a plain white ground — no grey wash, no colour, no gradients. Tone is built solely from engraved hatching: parallel burin lines, cross-hatching at 54 degrees for the darker passages, a third pass at 108 degrees only for the darkest. Every line swells at its middle and tapers at both ends, as a burin cuts. No solid black areas — a copperplate has none. Light falls from the upper left in every plate. The density of the hatching is identical regardless of subject size. No lettering, no caption, no signature, no border, no frame, no vignette. Flat on the page, no paper texture, no ageing, no stains, no torn edges. A bust portrait, head and shoulders, cut off at the chest. Plain white ground behind. The face is fully drawn as a specific individual: eyes with visible irises and a defined direction of gaze, individual bone structure at the brow, nose and jaw, and a settled expression that reads as character rather than emotion. Age is rendered explicitly in the flesh — where the record notes an aged subject, the lines, hollows and slackness must be unmistakable. Subject: a human of the Imperial provinces, ordinary build, facing the viewer squarely. This is the face of a person in their fifties. bare-headed, short cropped hair, wearing a studded leather jerkin. a scar across one cheek. Holding a large iron key, small, at the lower edge. Aspect ratio 2:3 (portrait).
人物図版	thieves-3	2	盗賊ギルド／ヴェックス	I 職能結社	62×93mm	2:3	Copperplate engraving, line art only. Pure black ink on a plain white ground — no grey wash, no colour, no gradients. Tone is built solely from engraved hatching: parallel burin lines, cross-hatching at 54 degrees for the darker passages, a third pass at 108 degrees only for the darkest. Every line swells at its middle and tapers at both ends, as a burin cuts. No solid black areas — a copperplate has none. Light falls from the upper left in every plate. The density of the hatching is identical regardless of subject size. No lettering, no caption, no signature, no border, no frame, no vignette. Flat on the page, no paper texture, no ageing, no stains, no torn edges. A bust portrait, head and shoulders, cut off at the chest. Plain white ground behind. The face is fully drawn as a specific individual: eyes with visible irises and a defined direction of gaze, individual bone structure at the brow, nose and jaw, and a settled expression that reads as character rather than emotion. Age is rendered explicitly in the flesh — where the record notes an aged subject, the lines, hollows and slackness must be unmistakable. Subject: a Nord of the northern province, slight build, turned in profile to the left. This is the face of a person in their thirties. bare-headed, short cropped hair, wearing a studded leather jerkin. Aspect ratio 2:3 (portrait).
主図版	nightingale	3	ナイチンゲール	I 職能結社	174×139.2mm	5:4	Copperplate engraving, line art only. Pure black ink on a plain white ground — no grey wash, no colour, no gradients. Tone is built solely from engraved hatching: parallel burin lines, cross-hatching at 54 degrees for the darker passages, a third pass at 108 degrees only for the darkest. Every line swells at its middle and tapers at both ends, as a burin cuts. No solid black areas — a copperplate has none. Light falls from the upper left in every plate. The density of the hatching is identical regardless of subject size. No lettering, no caption, no signature, no border, no frame, no vignette. Flat on the page, no paper texture, no ageing, no stains, no torn edges. A single architectural or landscape scene, viewed from a fixed middle distance. Horizon low. The structure occupies the middle third of the height. Human figures, where present, are small and unindividuated — they establish scale, nothing more. Subject: Three standing stones set in a ring on open ground. Night. The sky is worked up with dense hatching; the ground stays light. No human figures at all. The absence is deliberate. Setting: a cold northern province — conifer forest, snow, stone and timber. Aspect ratio 5:4 (landscape).
人物図版	nightingale-1	3	ナイチンゲール／カーリア	I 職能結社	62×93mm	2:3	Copperplate engraving, line art only. Pure black ink on a plain white ground — no grey wash, no colour, no gradients. Tone is built solely from engraved hatching: parallel burin lines, cross-hatching at 54 degrees for the darker passages, a third pass at 108 degrees only for the darkest. Every line swells at its middle and tapers at both ends, as a burin cuts. No solid black areas — a copperplate has none. Light falls from the upper left in every plate. The density of the hatching is identical regardless of subject size. No lettering, no caption, no signature, no border, no frame, no vignette. Flat on the page, no paper texture, no ageing, no stains, no torn edges. A bust portrait, head and shoulders, cut off at the chest. Plain white ground behind. The face is fully drawn as a specific individual: eyes with visible irises and a defined direction of gaze, individual bone structure at the brow, nose and jaw, and a settled expression that reads as character rather than emotion. Age is rendered explicitly in the flesh — where the record notes an aged subject, the lines, hollows and slackness must be unmistakable. Subject: a tall elf with long pointed ears, slight build, turned in profile to the left. This is the face of a person in their forties. a deep cloth hood, no visible hair, wearing a long travelling cloak. Holding a dagger, small, at the lower edge. Aspect ratio 2:3 (portrait).
人物図版	nightingale-2	3	ナイチンゲール／ガルス・デシムス	I 職能結社	62×93mm	2:3	Copperplate engraving, line art only. Pure black ink on a plain white ground — no grey wash, no colour, no gradients. Tone is built solely from engraved hatching: parallel burin lines, cross-hatching at 54 degrees for the darker passages, a third pass at 108 degrees only for the darkest. Every line swells at its middle and tapers at both ends, as a burin cuts. No solid black areas — a copperplate has none. Light falls from the upper left in every plate. The density of the hatching is identical regardless of subject size. No lettering, no caption, no signature, no border, no frame, no vignette. Flat on the page, no paper texture, no ageing, no stains, no torn edges. A bust portrait, head and shoulders, cut off at the chest. Plain white ground behind. The face is fully drawn as a specific individual: eyes with visible irises and a defined direction of gaze, individual bone structure at the brow, nose and jaw, and a settled expression that reads as character rather than emotion. Age is rendered explicitly in the flesh — where the record notes an aged subject, the lines, hollows and slackness must be unmistakable. Subject: a human of the Imperial provinces, ordinary build, facing the viewer squarely. This is the face of a person in their fifties. a close cowl, no visible hair, wearing a heavy wool robe. Holding a wax seal on a cord, small, at the lower edge. Aspect ratio 2:3 (portrait).
人物図版	nightingale-3	3	ナイチンゲール／メルセル・フレイ	I 職能結社	62×93mm	2:3	Copperplate engraving, line art only. Pure black ink on a plain white ground — no grey wash, no colour, no gradients. Tone is built solely from engraved hatching: parallel burin lines, cross-hatching at 54 degrees for the darker passages, a third pass at 108 degrees only for the darkest. Every line swells at its middle and tapers at both ends, as a burin cuts. No solid black areas — a copperplate has none. Light falls from the upper left in every plate. The density of the hatching is identical regardless of subject size. No lettering, no caption, no signature, no border, no frame, no vignette. Flat on the page, no paper texture, no ageing, no stains, no torn edges. A bust portrait, head and shoulders, cut off at the chest. Plain white ground behind. The face is fully drawn as a specific individual: eyes with visible irises and a defined direction of gaze, individual bone structure at the brow, nose and jaw, and a settled expression that reads as character rather than emotion. Age is rendered explicitly in the flesh — where the record notes an aged subject, the lines, hollows and slackness must be unmistakable. Subject: a human of the Imperial provinces, ordinary build, turned a quarter to the left. This is the face of a person in their fifties. bare-headed, short cropped hair, wearing a studded leather jerkin. a scar across one cheek. Holding a large iron key, small, at the lower edge. Aspect ratio 2:3 (portrait).
主図版	brotherhood	4	闇の一党	I 職能結社	174×139.2mm	5:4	Copperplate engraving, line art only. Pure black ink on a plain white ground — no grey wash, no colour, no gradients. Tone is built solely from engraved hatching: parallel burin lines, cross-hatching at 54 degrees for the darker passages, a third pass at 108 degrees only for the darkest. Every line swells at its middle and tapers at both ends, as a burin cuts. No solid black areas — a copperplate has none. Light falls from the upper left in every plate. The density of the hatching is identical regardless of subject size. No lettering, no caption, no signature, no border, no frame, no vignette. Flat on the page, no paper texture, no ageing, no stains, no torn edges. A single architectural or landscape scene, viewed from a fixed middle distance. Horizon low. The structure occupies the middle third of the height. Human figures, where present, are small and unindividuated — they establish scale, nothing more. Subject: A sealed door set into rock, the entrance to an underground sanctuary. Night. The sky is worked up with dense hatching; the ground stays light. Setting: a cold northern province — conifer forest, snow, stone and timber. Aspect ratio 5:4 (landscape).
人物図版	brotherhood-1	4	闇の一党／アストリッド	I 職能結社	62×93mm	2:3	Copperplate engraving, line art only. Pure black ink on a plain white ground — no grey wash, no colour, no gradients. Tone is built solely from engraved hatching: parallel burin lines, cross-hatching at 54 degrees for the darker passages, a third pass at 108 degrees only for the darkest. Every line swells at its middle and tapers at both ends, as a burin cuts. No solid black areas — a copperplate has none. Light falls from the upper left in every plate. The density of the hatching is identical regardless of subject size. No lettering, no caption, no signature, no border, no frame, no vignette. Flat on the page, no paper texture, no ageing, no stains, no torn edges. A bust portrait, head and shoulders, cut off at the chest. Plain white ground behind. The face is fully drawn as a specific individual: eyes with visible irises and a defined direction of gaze, individual bone structure at the brow, nose and jaw, and a settled expression that reads as character rather than emotion. Age is rendered explicitly in the flesh — where the record notes an aged subject, the lines, hollows and slackness must be unmistakable. Subject: a Nord of the northern province, ordinary build, turned a quarter to the left. This is the face of a person in their forties. bare-headed, short cropped hair, wearing a studded leather jerkin. Holding a dagger, small, at the lower edge. Aspect ratio 2:3 (portrait).
人物図版	brotherhood-2	4	闇の一党／シセロ	I 職能結社	62×93mm	2:3	Copperplate engraving, line art only. Pure black ink on a plain white ground — no grey wash, no colour, no gradients. Tone is built solely from engraved hatching: parallel burin lines, cross-hatching at 54 degrees for the darker passages, a third pass at 108 degrees only for the darkest. Every line swells at its middle and tapers at both ends, as a burin cuts. No solid black areas — a copperplate has none. Light falls from the upper left in every plate. The density of the hatching is identical regardless of subject size. No lettering, no caption, no signature, no border, no frame, no vignette. Flat on the page, no paper texture, no ageing, no stains, no torn edges. A bust portrait, head and shoulders, cut off at the chest. Plain white ground behind. The face is fully drawn as a specific individual: eyes with visible irises and a defined direction of gaze, individual bone structure at the brow, nose and jaw, and a settled expression that reads as character rather than emotion. Age is rendered explicitly in the flesh — where the record notes an aged subject, the lines, hollows and slackness must be unmistakable. Subject: a human of the Imperial provinces, slight build, turned in profile to the left. This is the face of a person in their fifties. a close cowl, no visible hair, wearing a studded leather jerkin. Aspect ratio 2:3 (portrait).
人物図版	brotherhood-3	4	闇の一党／ナジール	I 職能結社	62×93mm	2:3	Copperplate engraving, line art only. Pure black ink on a plain white ground — no grey wash, no colour, no gradients. Tone is built solely from engraved hatching: parallel burin lines, cross-hatching at 54 degrees for the darker passages, a third pass at 108 degrees only for the darkest. Every line swells at its middle and tapers at both ends, as a burin cuts. No solid black areas — a copperplate has none. Light falls from the upper left in every plate. The density of the hatching is identical regardless of subject size. No lettering, no caption, no signature, no border, no frame, no vignette. Flat on the page, no paper texture, no ageing, no stains, no torn edges. A bust portrait, head and shoulders, cut off at the chest. Plain white ground behind. The face is fully drawn as a specific individual: eyes with visible irises and a defined direction of gaze, individual bone structure at the brow, nose and jaw, and a settled expression that reads as character rather than emotion. Age is rendered explicitly in the flesh — where the record notes an aged subject, the lines, hollows and slackness must be unmistakable. Subject: a human of the Imperial provinces, ordinary build, facing the viewer squarely. This is the face of a person in their forties. bare-headed, short cropped hair, wearing a studded leather jerkin. Holding a bound ledger, small, at the lower edge. Aspect ratio 2:3 (portrait).
主図版	winterhold	5	ウィンターホールド大学	I 職能結社	174×139.2mm	5:4	Copperplate engraving, line art only. Pure black ink on a plain white ground — no grey wash, no colour, no gradients. Tone is built solely from engraved hatching: parallel burin lines, cross-hatching at 54 degrees for the darker passages, a third pass at 108 degrees only for the darkest. Every line swells at its middle and tapers at both ends, as a burin cuts. No solid black areas — a copperplate has none. Light falls from the upper left in every plate. The density of the hatching is identical regardless of subject size. No lettering, no caption, no signature, no border, no frame, no vignette. Flat on the page, no paper texture, no ageing, no stains, no torn edges. A single architectural or landscape scene, viewed from a fixed middle distance. Horizon low. The structure occupies the middle third of the height. Human figures, where present, are small and unindividuated — they establish scale, nothing more. Subject: A college on an isolated crag, reached by a single long bridge; the town around it has fallen into the sea. Setting: a cold northern province — conifer forest, snow, stone and timber. Aspect ratio 5:4 (landscape).
人物図版	winterhold-1	5	ウィンターホールド大学／サヴォス	I 職能結社	62×93mm	2:3	Copperplate engraving, line art only. Pure black ink on a plain white ground — no grey wash, no colour, no gradients. Tone is built solely from engraved hatching: parallel burin lines, cross-hatching at 54 degrees for the darker passages, a third pass at 108 degrees only for the darkest. Every line swells at its middle and tapers at both ends, as a burin cuts. No solid black areas — a copperplate has none. Light falls from the upper left in every plate. The density of the hatching is identical regardless of subject size. No lettering, no caption, no signature, no border, no frame, no vignette. Flat on the page, no paper texture, no ageing, no stains, no torn edges. A bust portrait, head and shoulders, cut off at the chest. Plain white ground behind. The face is fully drawn as a specific individual: eyes with visible irises and a defined direction of gaze, individual bone structure at the brow, nose and jaw, and a settled expression that reads as character rather than emotion. Age is rendered explicitly in the flesh — where the record notes an aged subject, the lines, hollows and slackness must be unmistakable. Subject: a tall elf with long pointed ears, ordinary build, facing the viewer squarely. This is the face of a person past sixty. a deep cloth hood, no visible hair, wearing a heavy wool robe. Holding a wooden staff, small, at the lower edge. Aspect ratio 2:3 (portrait).
人物図版	winterhold-2	5	ウィンターホールド大学／ミラベル	I 職能結社	62×93mm	2:3	Copperplate engraving, line art only. Pure black ink on a plain white ground — no grey wash, no colour, no gradients. Tone is built solely from engraved hatching: parallel burin lines, cross-hatching at 54 degrees for the darker passages, a third pass at 108 degrees only for the darkest. Every line swells at its middle and tapers at both ends, as a burin cuts. No solid black areas — a copperplate has none. Light falls from the upper left in every plate. The density of the hatching is identical regardless of subject size. No lettering, no caption, no signature, no border, no frame, no vignette. Flat on the page, no paper texture, no ageing, no stains, no torn edges. A bust portrait, head and shoulders, cut off at the chest. Plain white ground behind. The face is fully drawn as a specific individual: eyes with visible irises and a defined direction of gaze, individual bone structure at the brow, nose and jaw, and a settled expression that reads as character rather than emotion. Age is rendered explicitly in the flesh — where the record notes an aged subject, the lines, hollows and slackness must be unmistakable. Subject: a human of the Imperial provinces, slight build, turned a quarter to the left. This is the face of a person in their fifties. bare-headed, short cropped hair, wearing a heavy wool robe. Holding a rolled scroll, small, at the lower edge. Aspect ratio 2:3 (portrait).
人物図版	winterhold-3	5	ウィンターホールド大学／ウラグ	I 職能結社	62×93mm	2:3	Copperplate engraving, line art only. Pure black ink on a plain white ground — no grey wash, no colour, no gradients. Tone is built solely from engraved hatching: parallel burin lines, cross-hatching at 54 degrees for the darker passages, a third pass at 108 degrees only for the darkest. Every line swells at its middle and tapers at both ends, as a burin cuts. No solid black areas — a copperplate has none. Light falls from the upper left in every plate. The density of the hatching is identical regardless of subject size. No lettering, no caption, no signature, no border, no frame, no vignette. Flat on the page, no paper texture, no ageing, no stains, no torn edges. A bust portrait, head and shoulders, cut off at the chest. Plain white ground behind. The face is fully drawn as a specific individual: eyes with visible irises and a defined direction of gaze, individual bone structure at the brow, nose and jaw, and a settled expression that reads as character rather than emotion. Age is rendered explicitly in the flesh — where the record notes an aged subject, the lines, hollows and slackness must be unmistakable. Subject: an orc with a heavy jaw and lower tusks, broad, heavy build, turned in profile to the left. This is the face of a person past sixty. bare-headed, hair gathered into a topknot, wearing a heavy wool robe. Holding a closed book, small, at the lower edge. Aspect ratio 2:3 (portrait).
主図版	bards	6	吟遊詩人の大学	I 職能結社	174×139.2mm	5:4	Copperplate engraving, line art only. Pure black ink on a plain white ground — no grey wash, no colour, no gradients. Tone is built solely from engraved hatching: parallel burin lines, cross-hatching at 54 degrees for the darker passages, a third pass at 108 degrees only for the darkest. Every line swells at its middle and tapers at both ends, as a burin cuts. No solid black areas — a copperplate has none. Light falls from the upper left in every plate. The density of the hatching is identical regardless of subject size. No lettering, no caption, no signature, no border, no frame, no vignette. Flat on the page, no paper texture, no ageing, no stains, no torn edges. A single architectural or landscape scene, viewed from a fixed middle distance. Horizon low. The structure occupies the middle third of the height. Human figures, where present, are small and unindividuated — they establish scale, nothing more. Subject: A college hall in a walled city, a timber stage being raised before its gate. Setting: a cold northern province — conifer forest, snow, stone and timber. Aspect ratio 5:4 (landscape).
人物図版	bards-1	6	吟遊詩人の大学／ヴィアルモ	I 職能結社	62×93mm	2:3	Copperplate engraving, line art only. Pure black ink on a plain white ground — no grey wash, no colour, no gradients. Tone is built solely from engraved hatching: parallel burin lines, cross-hatching at 54 degrees for the darker passages, a third pass at 108 degrees only for the darkest. Every line swells at its middle and tapers at both ends, as a burin cuts. No solid black areas — a copperplate has none. Light falls from the upper left in every plate. The density of the hatching is identical regardless of subject size. No lettering, no caption, no signature, no border, no frame, no vignette. Flat on the page, no paper texture, no ageing, no stains, no torn edges. A bust portrait, head and shoulders, cut off at the chest. Plain white ground behind. The face is fully drawn as a specific individual: eyes with visible irises and a defined direction of gaze, individual bone structure at the brow, nose and jaw, and a settled expression that reads as character rather than emotion. Age is rendered explicitly in the flesh — where the record notes an aged subject, the lines, hollows and slackness must be unmistakable. Subject: a tall elf with long pointed ears, ordinary build, facing the viewer squarely. This is the face of a person in their fifties. bare-headed, long hair falling past the shoulders, wearing a heavy wool robe. Holding a rolled scroll, small, at the lower edge. Aspect ratio 2:3 (portrait).
人物図版	bards-2	6	吟遊詩人の大学／インゲ	I 職能結社	62×93mm	2:3	Copperplate engraving, line art only. Pure black ink on a plain white ground — no grey wash, no colour, no gradients. Tone is built solely from engraved hatching: parallel burin lines, cross-hatching at 54 degrees for the darker passages, a third pass at 108 degrees only for the darkest. Every line swells at its middle and tapers at both ends, as a burin cuts. No solid black areas — a copperplate has none. Light falls from the upper left in every plate. The density of the hatching is identical regardless of subject size. No lettering, no caption, no signature, no border, no frame, no vignette. Flat on the page, no paper texture, no ageing, no stains, no torn edges. A bust portrait, head and shoulders, cut off at the chest. Plain white ground behind. The face is fully drawn as a specific individual: eyes with visible irises and a defined direction of gaze, individual bone structure at the brow, nose and jaw, and a settled expression that reads as character rather than emotion. Age is rendered explicitly in the flesh — where the record notes an aged subject, the lines, hollows and slackness must be unmistakable. Subject: a Nord of the northern province, ordinary build, turned a quarter to the left. This is the face of a person past sixty. bare-headed, long hair falling past the shoulders, wearing a heavy wool robe. Aspect ratio 2:3 (portrait).
人物図版	bards-3	6	吟遊詩人の大学／ジロー・ジェマーヌ	I 職能結社	62×93mm	2:3	Copperplate engraving, line art only. Pure black ink on a plain white ground — no grey wash, no colour, no gradients. Tone is built solely from engraved hatching: parallel burin lines, cross-hatching at 54 degrees for the darker passages, a third pass at 108 degrees only for the darkest. Every line swells at its middle and tapers at both ends, as a burin cuts. No solid black areas — a copperplate has none. Light falls from the upper left in every plate. The density of the hatching is identical regardless of subject size. No lettering, no caption, no signature, no border, no frame, no vignette. Flat on the page, no paper texture, no ageing, no stains, no torn edges. A bust portrait, head and shoulders, cut off at the chest. Plain white ground behind. The face is fully drawn as a specific individual: eyes with visible irises and a defined direction of gaze, individual bone structure at the brow, nose and jaw, and a settled expression that reads as character rather than emotion. Age is rendered explicitly in the flesh — where the record notes an aged subject, the lines, hollows and slackness must be unmistakable. Subject: a human of the Imperial provinces, slight build, head slightly bowed. This is the face of a person in their fifties. bare-headed, short cropped hair, wearing a heavy wool robe. Holding a closed book, small, at the lower edge. Aspect ratio 2:3 (portrait).
主図版	blades	7	ブレイズ	I 職能結社	174×139.2mm	5:4	Copperplate engraving, line art only. Pure black ink on a plain white ground — no grey wash, no colour, no gradients. Tone is built solely from engraved hatching: parallel burin lines, cross-hatching at 54 degrees for the darker passages, a third pass at 108 degrees only for the darkest. Every line swells at its middle and tapers at both ends, as a burin cuts. No solid black areas — a copperplate has none. Light falls from the upper left in every plate. The density of the hatching is identical regardless of subject size. No lettering, no caption, no signature, no border, no frame, no vignette. Flat on the page, no paper texture, no ageing, no stains, no torn edges. A single architectural or landscape scene, viewed from a fixed middle distance. Horizon low. The structure occupies the middle third of the height. Human figures, where present, are small and unindividuated — they establish scale, nothing more. Subject: A shrine cut into a gorge wall, its entrance invisible from outside the ravine. Setting: a cold northern province — conifer forest, snow, stone and timber. Aspect ratio 5:4 (landscape).
人物図版	blades-1	7	ブレイズ／デルフィン	I 職能結社	62×93mm	2:3	Copperplate engraving, line art only. Pure black ink on a plain white ground — no grey wash, no colour, no gradients. Tone is built solely from engraved hatching: parallel burin lines, cross-hatching at 54 degrees for the darker passages, a third pass at 108 degrees only for the darkest. Every line swells at its middle and tapers at both ends, as a burin cuts. No solid black areas — a copperplate has none. Light falls from the upper left in every plate. The density of the hatching is identical regardless of subject size. No lettering, no caption, no signature, no border, no frame, no vignette. Flat on the page, no paper texture, no ageing, no stains, no torn edges. A bust portrait, head and shoulders, cut off at the chest. Plain white ground behind. The face is fully drawn as a specific individual: eyes with visible irises and a defined direction of gaze, individual bone structure at the brow, nose and jaw, and a settled expression that reads as character rather than emotion. Age is rendered explicitly in the flesh — where the record notes an aged subject, the lines, hollows and slackness must be unmistakable. Subject: a Nord of the northern province, ordinary build, turned a quarter to the left. This is the face of a person in their fifties. bare-headed, long hair falling past the shoulders, wearing a studded leather jerkin. a scar across one cheek. Holding a straight sword held upright before the chest, small, at the lower edge. Aspect ratio 2:3 (portrait).
人物図版	blades-2	7	ブレイズ／エスバーン	I 職能結社	62×93mm	2:3	Copperplate engraving, line art only. Pure black ink on a plain white ground — no grey wash, no colour, no gradients. Tone is built solely from engraved hatching: parallel burin lines, cross-hatching at 54 degrees for the darker passages, a third pass at 108 degrees only for the darkest. Every line swells at its middle and tapers at both ends, as a burin cuts. No solid black areas — a copperplate has none. Light falls from the upper left in every plate. The density of the hatching is identical regardless of subject size. No lettering, no caption, no signature, no border, no frame, no vignette. Flat on the page, no paper texture, no ageing, no stains, no torn edges. A bust portrait, head and shoulders, cut off at the chest. Plain white ground behind. The face is fully drawn as a specific individual: eyes with visible irises and a defined direction of gaze, individual bone structure at the brow, nose and jaw, and a settled expression that reads as character rather than emotion. Age is rendered explicitly in the flesh — where the record notes an aged subject, the lines, hollows and slackness must be unmistakable. Subject: a Nord of the northern province, slight build, head slightly bowed. This is the face of a person past seventy. a deep cloth hood, no visible hair, wearing a heavy wool robe. Holding a stone tablet, small, at the lower edge. Aspect ratio 2:3 (portrait).
人物図版	blades-3	7	ブレイズ／ジョウフレ	I 職能結社	62×93mm	2:3	Copperplate engraving, line art only. Pure black ink on a plain white ground — no grey wash, no colour, no gradients. Tone is built solely from engraved hatching: parallel burin lines, cross-hatching at 54 degrees for the darker passages, a third pass at 108 degrees only for the darkest. Every line swells at its middle and tapers at both ends, as a burin cuts. No solid black areas — a copperplate has none. Light falls from the upper left in every plate. The density of the hatching is identical regardless of subject size. No lettering, no caption, no signature, no border, no frame, no vignette. Flat on the page, no paper texture, no ageing, no stains, no torn edges. A bust portrait, head and shoulders, cut off at the chest. Plain white ground behind. The face is fully drawn as a specific individual: eyes with visible irises and a defined direction of gaze, individual bone structure at the brow, nose and jaw, and a settled expression that reads as character rather than emotion. Age is rendered explicitly in the flesh — where the record notes an aged subject, the lines, hollows and slackness must be unmistakable. Subject: a human of the Imperial provinces, ordinary build, facing the viewer squarely. This is the face of a person past sixty. a close cowl, no visible hair, wearing a heavy wool robe. Holding a wax seal on a cord, small, at the lower edge. Aspect ratio 2:3 (portrait).
主図版	dawnguard	8	ドーンガード	I 職能結社	174×139.2mm	5:4	Copperplate engraving, line art only. Pure black ink on a plain white ground — no grey wash, no colour, no gradients. Tone is built solely from engraved hatching: parallel burin lines, cross-hatching at 54 degrees for the darker passages, a third pass at 108 degrees only for the darkest. Every line swells at its middle and tapers at both ends, as a burin cuts. No solid black areas — a copperplate has none. Light falls from the upper left in every plate. The density of the hatching is identical regardless of subject size. No lettering, no caption, no signature, no border, no frame, no vignette. Flat on the page, no paper texture, no ageing, no stains, no torn edges. A single architectural or landscape scene, viewed from a fixed middle distance. Horizon low. The structure occupies the middle third of the height. Human figures, where present, are small and unindividuated — they establish scale, nothing more. Subject: A fortress deep in a canyon, approached by one road only. Setting: a cold northern province — conifer forest, snow, stone and timber. Aspect ratio 5:4 (landscape).
人物図版	dawnguard-1	8	ドーンガード／イスラン	I 職能結社	62×93mm	2:3	Copperplate engraving, line art only. Pure black ink on a plain white ground — no grey wash, no colour, no gradients. Tone is built solely from engraved hatching: parallel burin lines, cross-hatching at 54 degrees for the darker passages, a third pass at 108 degrees only for the darkest. Every line swells at its middle and tapers at both ends, as a burin cuts. No solid black areas — a copperplate has none. Light falls from the upper left in every plate. The density of the hatching is identical regardless of subject size. No lettering, no caption, no signature, no border, no frame, no vignette. Flat on the page, no paper texture, no ageing, no stains, no torn edges. A bust portrait, head and shoulders, cut off at the chest. Plain white ground behind. The face is fully drawn as a specific individual: eyes with visible irises and a defined direction of gaze, individual bone structure at the brow, nose and jaw, and a settled expression that reads as character rather than emotion. Age is rendered explicitly in the flesh — where the record notes an aged subject, the lines, hollows and slackness must be unmistakable. Subject: a human of the Imperial provinces, broad, heavy build, facing the viewer squarely. This is the face of a person in their fifties. bare-headed, no visible hair, wearing plate armour over a gambeson. a scar across one cheek. Holding a mace, small, at the lower edge. Aspect ratio 2:3 (portrait).
人物図版	dawnguard-2	8	ドーンガード／ソリーヌ	I 職能結社	62×93mm	2:3	Copperplate engraving, line art only. Pure black ink on a plain white ground — no grey wash, no colour, no gradients. Tone is built solely from engraved hatching: parallel burin lines, cross-hatching at 54 degrees for the darker passages, a third pass at 108 degrees only for the darkest. Every line swells at its middle and tapers at both ends, as a burin cuts. No solid black areas — a copperplate has none. Light falls from the upper left in every plate. The density of the hatching is identical regardless of subject size. No lettering, no caption, no signature, no border, no frame, no vignette. Flat on the page, no paper texture, no ageing, no stains, no torn edges. A bust portrait, head and shoulders, cut off at the chest. Plain white ground behind. The face is fully drawn as a specific individual: eyes with visible irises and a defined direction of gaze, individual bone structure at the brow, nose and jaw, and a settled expression that reads as character rather than emotion. Age is rendered explicitly in the flesh — where the record notes an aged subject, the lines, hollows and slackness must be unmistakable. Subject: a human of the Imperial provinces, ordinary build, turned a quarter to the left. This is the face of a person in their thirties. bare-headed, short cropped hair, wearing a smith's leather apron. Holding a pair of smith’s tongs, small, at the lower edge. Aspect ratio 2:3 (portrait).
人物図版	dawnguard-3	8	ドーンガード／ゲルドゥル	I 職能結社	62×93mm	2:3	Copperplate engraving, line art only. Pure black ink on a plain white ground — no grey wash, no colour, no gradients. Tone is built solely from engraved hatching: parallel burin lines, cross-hatching at 54 degrees for the darker passages, a third pass at 108 degrees only for the darkest. Every line swells at its middle and tapers at both ends, as a burin cuts. No solid black areas — a copperplate has none. Light falls from the upper left in every plate. The density of the hatching is identical regardless of subject size. No lettering, no caption, no signature, no border, no frame, no vignette. Flat on the page, no paper texture, no ageing, no stains, no torn edges. A bust portrait, head and shoulders, cut off at the chest. Plain white ground behind. The face is fully drawn as a specific individual: eyes with visible irises and a defined direction of gaze, individual bone structure at the brow, nose and jaw, and a settled expression that reads as character rather than emotion. Age is rendered explicitly in the flesh — where the record notes an aged subject, the lines, hollows and slackness must be unmistakable. Subject: a Nord of the northern province, ordinary build, turned in profile to the left. This is the face of a person in their thirties. bare-headed, a single heavy braid, wearing a fur mantle over the shoulders. Aspect ratio 2:3 (portrait).
主図版	volkihar	9	ヴォルキハル一族	I 職能結社	174×139.2mm	5:4	Copperplate engraving, line art only. Pure black ink on a plain white ground — no grey wash, no colour, no gradients. Tone is built solely from engraved hatching: parallel burin lines, cross-hatching at 54 degrees for the darker passages, a third pass at 108 degrees only for the darkest. Every line swells at its middle and tapers at both ends, as a burin cuts. No solid black areas — a copperplate has none. Light falls from the upper left in every plate. The density of the hatching is identical regardless of subject size. No lettering, no caption, no signature, no border, no frame, no vignette. Flat on the page, no paper texture, no ageing, no stains, no torn edges. A single architectural or landscape scene, viewed from a fixed middle distance. Horizon low. The structure occupies the middle third of the height. Human figures, where present, are small and unindividuated — they establish scale, nothing more. Subject: A castle on an island in a frozen sea, its causeway broken; seen from the far shore. Night. The sky is worked up with dense hatching; the ground stays light. No human figures at all. The absence is deliberate. Setting: a cold northern province — conifer forest, snow, stone and timber. Aspect ratio 5:4 (landscape).
人物図版	volkihar-1	9	ヴォルキハル一族／ハルコン	I 職能結社	62×93mm	2:3	Copperplate engraving, line art only. Pure black ink on a plain white ground — no grey wash, no colour, no gradients. Tone is built solely from engraved hatching: parallel burin lines, cross-hatching at 54 degrees for the darker passages, a third pass at 108 degrees only for the darkest. Every line swells at its middle and tapers at both ends, as a burin cuts. No solid black areas — a copperplate has none. Light falls from the upper left in every plate. The density of the hatching is identical regardless of subject size. No lettering, no caption, no signature, no border, no frame, no vignette. Flat on the page, no paper texture, no ageing, no stains, no torn edges. A bust portrait, head and shoulders, cut off at the chest. Plain white ground behind. The face is fully drawn as a specific individual: eyes with visible irises and a defined direction of gaze, individual bone structure at the brow, nose and jaw, and a settled expression that reads as character rather than emotion. Age is rendered explicitly in the flesh — where the record notes an aged subject, the lines, hollows and slackness must be unmistakable. Subject: a Nord of the northern province, broad, heavy build, facing the viewer squarely. This is the face of a person past sixty. a thin metal circlet, long hair falling past the shoulders, wearing a heavy wool robe. Holding a rolled scroll, small, at the lower edge. Aspect ratio 2:3 (portrait).
人物図版	volkihar-2	9	ヴォルキハル一族／セラーナ	I 職能結社	62×93mm	2:3	Copperplate engraving, line art only. Pure black ink on a plain white ground — no grey wash, no colour, no gradients. Tone is built solely from engraved hatching: parallel burin lines, cross-hatching at 54 degrees for the darker passages, a third pass at 108 degrees only for the darkest. Every line swells at its middle and tapers at both ends, as a burin cuts. No solid black areas — a copperplate has none. Light falls from the upper left in every plate. The density of the hatching is identical regardless of subject size. No lettering, no caption, no signature, no border, no frame, no vignette. Flat on the page, no paper texture, no ageing, no stains, no torn edges. A bust portrait, head and shoulders, cut off at the chest. Plain white ground behind. The face is fully drawn as a specific individual: eyes with visible irises and a defined direction of gaze, individual bone structure at the brow, nose and jaw, and a settled expression that reads as character rather than emotion. Age is rendered explicitly in the flesh — where the record notes an aged subject, the lines, hollows and slackness must be unmistakable. Subject: a Nord of the northern province, slight build, turned a quarter to the left. This is the face of a person in their twenties. a deep cloth hood, long hair falling past the shoulders, wearing a long travelling cloak. Aspect ratio 2:3 (portrait).
人物図版	volkihar-3	9	ヴォルキハル一族／ヴァレリカ	I 職能結社	62×93mm	2:3	Copperplate engraving, line art only. Pure black ink on a plain white ground — no grey wash, no colour, no gradients. Tone is built solely from engraved hatching: parallel burin lines, cross-hatching at 54 degrees for the darker passages, a third pass at 108 degrees only for the darkest. Every line swells at its middle and tapers at both ends, as a burin cuts. No solid black areas — a copperplate has none. Light falls from the upper left in every plate. The density of the hatching is identical regardless of subject size. No lettering, no caption, no signature, no border, no frame, no vignette. Flat on the page, no paper texture, no ageing, no stains, no torn edges. A bust portrait, head and shoulders, cut off at the chest. Plain white ground behind. The face is fully drawn as a specific individual: eyes with visible irises and a defined direction of gaze, individual bone structure at the brow, nose and jaw, and a settled expression that reads as character rather than emotion. Age is rendered explicitly in the flesh — where the record notes an aged subject, the lines, hollows and slackness must be unmistakable. Subject: a Nord of the northern province, ordinary build, turned in profile to the left. This is the face of a person in their fifties. bare-headed, long hair falling past the shoulders, wearing a heavy wool robe. Holding a small glass phial, small, at the lower edge. Aspect ratio 2:3 (portrait).
主図版	greybeards	10	グレイビアード	I 職能結社	174×139.2mm	5:4	Copperplate engraving, line art only. Pure black ink on a plain white ground — no grey wash, no colour, no gradients. Tone is built solely from engraved hatching: parallel burin lines, cross-hatching at 54 degrees for the darker passages, a third pass at 108 degrees only for the darkest. Every line swells at its middle and tapers at both ends, as a burin cuts. No solid black areas — a copperplate has none. Light falls from the upper left in every plate. The density of the hatching is identical regardless of subject size. No lettering, no caption, no signature, no border, no frame, no vignette. Flat on the page, no paper texture, no ageing, no stains, no torn edges. A single architectural or landscape scene, viewed from a fixed middle distance. Horizon low. The structure occupies the middle third of the height. Human figures, where present, are small and unindividuated — they establish scale, nothing more. Subject: A monastery at the summit of a mountain stair of seven thousand steps, carved tablets set along the ascent. Setting: a cold northern province — conifer forest, snow, stone and timber. Aspect ratio 5:4 (landscape).
人物図版	greybeards-1	10	グレイビアード／アーンゲール	I 職能結社	62×93mm	2:3	Copperplate engraving, line art only. Pure black ink on a plain white ground — no grey wash, no colour, no gradients. Tone is built solely from engraved hatching: parallel burin lines, cross-hatching at 54 degrees for the darker passages, a third pass at 108 degrees only for the darkest. Every line swells at its middle and tapers at both ends, as a burin cuts. No solid black areas — a copperplate has none. Light falls from the upper left in every plate. The density of the hatching is identical regardless of subject size. No lettering, no caption, no signature, no border, no frame, no vignette. Flat on the page, no paper texture, no ageing, no stains, no torn edges. A bust portrait, head and shoulders, cut off at the chest. Plain white ground behind. The face is fully drawn as a specific individual: eyes with visible irises and a defined direction of gaze, individual bone structure at the brow, nose and jaw, and a settled expression that reads as character rather than emotion. Age is rendered explicitly in the flesh — where the record notes an aged subject, the lines, hollows and slackness must be unmistakable. Subject: a Nord of the northern province, ordinary build, facing the viewer squarely. This is the face of a person past seventy. a close cowl, no visible hair, wearing a heavy wool robe. Holding a quill pen, small, at the lower edge. Aspect ratio 2:3 (portrait).
人物図版	greybeards-2	10	グレイビアード／ボリ	I 職能結社	62×93mm	2:3	Copperplate engraving, line art only. Pure black ink on a plain white ground — no grey wash, no colour, no gradients. Tone is built solely from engraved hatching: parallel burin lines, cross-hatching at 54 degrees for the darker passages, a third pass at 108 degrees only for the darkest. Every line swells at its middle and tapers at both ends, as a burin cuts. No solid black areas — a copperplate has none. Light falls from the upper left in every plate. The density of the hatching is identical regardless of subject size. No lettering, no caption, no signature, no border, no frame, no vignette. Flat on the page, no paper texture, no ageing, no stains, no torn edges. A bust portrait, head and shoulders, cut off at the chest. Plain white ground behind. The face is fully drawn as a specific individual: eyes with visible irises and a defined direction of gaze, individual bone structure at the brow, nose and jaw, and a settled expression that reads as character rather than emotion. Age is rendered explicitly in the flesh — where the record notes an aged subject, the lines, hollows and slackness must be unmistakable. Subject: a Nord of the northern province, broad, heavy build, head slightly bowed. This is the face of a person past seventy. a close cowl, no visible hair, wearing a heavy wool robe. Aspect ratio 2:3 (portrait).
人物図版	greybeards-3	10	グレイビアード／エインサー	I 職能結社	62×93mm	2:3	Copperplate engraving, line art only. Pure black ink on a plain white ground — no grey wash, no colour, no gradients. Tone is built solely from engraved hatching: parallel burin lines, cross-hatching at 54 degrees for the darker passages, a third pass at 108 degrees only for the darkest. Every line swells at its middle and tapers at both ends, as a burin cuts. No solid black areas — a copperplate has none. Light falls from the upper left in every plate. The density of the hatching is identical regardless of subject size. No lettering, no caption, no signature, no border, no frame, no vignette. Flat on the page, no paper texture, no ageing, no stains, no torn edges. A bust portrait, head and shoulders, cut off at the chest. Plain white ground behind. The face is fully drawn as a specific individual: eyes with visible irises and a defined direction of gaze, individual bone structure at the brow, nose and jaw, and a settled expression that reads as character rather than emotion. Age is rendered explicitly in the flesh — where the record notes an aged subject, the lines, hollows and slackness must be unmistakable. Subject: a Nord of the northern province, slight build, turned a quarter to the left. This is the face of a person past seventy. a close cowl, no visible hair, wearing a heavy wool robe. Holding a stone tablet, small, at the lower edge. Aspect ratio 2:3 (portrait).
主図版	legion	11	帝国軍	II 国家・軍事	174×139.2mm	5:4	Copperplate engraving, line art only. Pure black ink on a plain white ground — no grey wash, no colour, no gradients. Tone is built solely from engraved hatching: parallel burin lines, cross-hatching at 54 degrees for the darker passages, a third pass at 108 degrees only for the darkest. Every line swells at its middle and tapers at both ends, as a burin cuts. No solid black areas — a copperplate has none. Light falls from the upper left in every plate. The density of the hatching is identical regardless of subject size. No lettering, no caption, no signature, no border, no frame, no vignette. Flat on the page, no paper texture, no ageing, no stains, no torn edges. A single architectural or landscape scene, viewed from a fixed middle distance. Horizon low. The structure occupies the middle third of the height. Human figures, where present, are small and unindividuated — they establish scale, nothing more. Subject: A square fort beside a highway, built to hold the road rather than the field. Setting: a cold northern province — conifer forest, snow, stone and timber. Aspect ratio 5:4 (landscape).
人物図版	legion-1	11	帝国軍／トゥリウス	II 国家・軍事	62×93mm	2:3	Copperplate engraving, line art only. Pure black ink on a plain white ground — no grey wash, no colour, no gradients. Tone is built solely from engraved hatching: parallel burin lines, cross-hatching at 54 degrees for the darker passages, a third pass at 108 degrees only for the darkest. Every line swells at its middle and tapers at both ends, as a burin cuts. No solid black areas — a copperplate has none. Light falls from the upper left in every plate. The density of the hatching is identical regardless of subject size. No lettering, no caption, no signature, no border, no frame, no vignette. Flat on the page, no paper texture, no ageing, no stains, no torn edges. A bust portrait, head and shoulders, cut off at the chest. Plain white ground behind. The face is fully drawn as a specific individual: eyes with visible irises and a defined direction of gaze, individual bone structure at the brow, nose and jaw, and a settled expression that reads as character rather than emotion. Age is rendered explicitly in the flesh — where the record notes an aged subject, the lines, hollows and slackness must be unmistakable. Subject: a human of the Imperial provinces, ordinary build, facing the viewer squarely. This is the face of a person in their fifties. bare-headed, short cropped hair, wearing plate armour over a gambeson. Aspect ratio 2:3 (portrait).
人物図版	legion-2	11	帝国軍／リカーヤ	II 国家・軍事	62×93mm	2:3	Copperplate engraving, line art only. Pure black ink on a plain white ground — no grey wash, no colour, no gradients. Tone is built solely from engraved hatching: parallel burin lines, cross-hatching at 54 degrees for the darker passages, a third pass at 108 degrees only for the darkest. Every line swells at its middle and tapers at both ends, as a burin cuts. No solid black areas — a copperplate has none. Light falls from the upper left in every plate. The density of the hatching is identical regardless of subject size. No lettering, no caption, no signature, no border, no frame, no vignette. Flat on the page, no paper texture, no ageing, no stains, no torn edges. A bust portrait, head and shoulders, cut off at the chest. Plain white ground behind. The face is fully drawn as a specific individual: eyes with visible irises and a defined direction of gaze, individual bone structure at the brow, nose and jaw, and a settled expression that reads as character rather than emotion. Age is rendered explicitly in the flesh — where the record notes an aged subject, the lines, hollows and slackness must be unmistakable. Subject: a tall elf with long pointed ears, ordinary build, turned a quarter to the left. This is the face of a person in their forties. a plain iron helm, no visible hair, wearing a mail shirt. Holding a spear, small, at the lower edge. Aspect ratio 2:3 (portrait).
人物図版	legion-3	11	帝国軍／ハドバル	II 国家・軍事	62×93mm	2:3	Copperplate engraving, line art only. Pure black ink on a plain white ground — no grey wash, no colour, no gradients. Tone is built solely from engraved hatching: parallel burin lines, cross-hatching at 54 degrees for the darker passages, a third pass at 108 degrees only for the darkest. Every line swells at its middle and tapers at both ends, as a burin cuts. No solid black areas — a copperplate has none. Light falls from the upper left in every plate. The density of the hatching is identical regardless of subject size. No lettering, no caption, no signature, no border, no frame, no vignette. Flat on the page, no paper texture, no ageing, no stains, no torn edges. A bust portrait, head and shoulders, cut off at the chest. Plain white ground behind. The face is fully drawn as a specific individual: eyes with visible irises and a defined direction of gaze, individual bone structure at the brow, nose and jaw, and a settled expression that reads as character rather than emotion. Age is rendered explicitly in the flesh — where the record notes an aged subject, the lines, hollows and slackness must be unmistakable. Subject: a Nord of the northern province, broad, heavy build, turned in profile to the left. This is the face of a person in their twenties. a plain iron helm, no visible hair, wearing a mail shirt. a scar across one cheek. Holding a round shield, small, at the lower edge. Aspect ratio 2:3 (portrait).
主図版	stormcloaks	12	ストームクローク	II 国家・軍事	174×139.2mm	5:4	Copperplate engraving, line art only. Pure black ink on a plain white ground — no grey wash, no colour, no gradients. Tone is built solely from engraved hatching: parallel burin lines, cross-hatching at 54 degrees for the darker passages, a third pass at 108 degrees only for the darkest. Every line swells at its middle and tapers at both ends, as a burin cuts. No solid black areas — a copperplate has none. Light falls from the upper left in every plate. The density of the hatching is identical regardless of subject size. No lettering, no caption, no signature, no border, no frame, no vignette. Flat on the page, no paper texture, no ageing, no stains, no torn edges. A single architectural or landscape scene, viewed from a fixed middle distance. Horizon low. The structure occupies the middle third of the height. Human figures, where present, are small and unindividuated — they establish scale, nothing more. Subject: A great stone palace hall in an ancient walled city, its masonry visibly older than the rest. Setting: a cold northern province — conifer forest, snow, stone and timber. Aspect ratio 5:4 (landscape).
人物図版	stormcloaks-1	12	ストームクローク／ウルフリック	II 国家・軍事	62×93mm	2:3	Copperplate engraving, line art only. Pure black ink on a plain white ground — no grey wash, no colour, no gradients. Tone is built solely from engraved hatching: parallel burin lines, cross-hatching at 54 degrees for the darker passages, a third pass at 108 degrees only for the darkest. Every line swells at its middle and tapers at both ends, as a burin cuts. No solid black areas — a copperplate has none. Light falls from the upper left in every plate. The density of the hatching is identical regardless of subject size. No lettering, no caption, no signature, no border, no frame, no vignette. Flat on the page, no paper texture, no ageing, no stains, no torn edges. A bust portrait, head and shoulders, cut off at the chest. Plain white ground behind. The face is fully drawn as a specific individual: eyes with visible irises and a defined direction of gaze, individual bone structure at the brow, nose and jaw, and a settled expression that reads as character rather than emotion. Age is rendered explicitly in the flesh — where the record notes an aged subject, the lines, hollows and slackness must be unmistakable. Subject: a Nord of the northern province, broad, heavy build, facing the viewer squarely. This is the face of a person in their forties. a thin metal circlet, long hair falling past the shoulders, wearing a fur mantle over the shoulders. Holding a plain circlet crown, small, at the lower edge. Aspect ratio 2:3 (portrait).
人物図版	stormcloaks-2	12	ストームクローク／ガルマル	II 国家・軍事	62×93mm	2:3	Copperplate engraving, line art only. Pure black ink on a plain white ground — no grey wash, no colour, no gradients. Tone is built solely from engraved hatching: parallel burin lines, cross-hatching at 54 degrees for the darker passages, a third pass at 108 degrees only for the darkest. Every line swells at its middle and tapers at both ends, as a burin cuts. No solid black areas — a copperplate has none. Light falls from the upper left in every plate. The density of the hatching is identical regardless of subject size. No lettering, no caption, no signature, no border, no frame, no vignette. Flat on the page, no paper texture, no ageing, no stains, no torn edges. A bust portrait, head and shoulders, cut off at the chest. Plain white ground behind. The face is fully drawn as a specific individual: eyes with visible irises and a defined direction of gaze, individual bone structure at the brow, nose and jaw, and a settled expression that reads as character rather than emotion. Age is rendered explicitly in the flesh — where the record notes an aged subject, the lines, hollows and slackness must be unmistakable. Subject: a Nord of the northern province, broad, heavy build, turned a quarter to the left. This is the face of a person past sixty. a horned iron helm, no visible hair, wearing a fur mantle over the shoulders. a leather patch over one eye. Holding a war axe, small, at the lower edge. Aspect ratio 2:3 (portrait).
人物図版	stormcloaks-3	12	ストームクローク／ラルフ	II 国家・軍事	62×93mm	2:3	Copperplate engraving, line art only. Pure black ink on a plain white ground — no grey wash, no colour, no gradients. Tone is built solely from engraved hatching: parallel burin lines, cross-hatching at 54 degrees for the darker passages, a third pass at 108 degrees only for the darkest. Every line swells at its middle and tapers at both ends, as a burin cuts. No solid black areas — a copperplate has none. Light falls from the upper left in every plate. The density of the hatching is identical regardless of subject size. No lettering, no caption, no signature, no border, no frame, no vignette. Flat on the page, no paper texture, no ageing, no stains, no torn edges. A bust portrait, head and shoulders, cut off at the chest. Plain white ground behind. The face is fully drawn as a specific individual: eyes with visible irises and a defined direction of gaze, individual bone structure at the brow, nose and jaw, and a settled expression that reads as character rather than emotion. Age is rendered explicitly in the flesh — where the record notes an aged subject, the lines, hollows and slackness must be unmistakable. Subject: a Nord of the northern province, ordinary build, turned in profile to the left. This is the face of a person in their thirties. a plain iron helm, no visible hair, wearing a mail shirt. Aspect ratio 2:3 (portrait).
主図版	thalmor	13	サルモール	II 国家・軍事	174×139.2mm	5:4	Copperplate engraving, line art only. Pure black ink on a plain white ground — no grey wash, no colour, no gradients. Tone is built solely from engraved hatching: parallel burin lines, cross-hatching at 54 degrees for the darker passages, a third pass at 108 degrees only for the darkest. Every line swells at its middle and tapers at both ends, as a burin cuts. No solid black areas — a copperplate has none. Light falls from the upper left in every plate. The density of the hatching is identical regardless of subject size. No lettering, no caption, no signature, no border, no frame, no vignette. Flat on the page, no paper texture, no ageing, no stains, no torn edges. A single architectural or landscape scene, viewed from a fixed middle distance. Horizon low. The structure occupies the middle third of the height. Human figures, where present, are small and unindividuated — they establish scale, nothing more. Subject: An embassy standing alone on a hilltop, seen from the road below. Night. The sky is worked up with dense hatching; the ground stays light. Setting: a cold northern province — conifer forest, snow, stone and timber. Aspect ratio 5:4 (landscape).
人物図版	thalmor-1	13	サルモール／エレンウェン	II 国家・軍事	62×93mm	2:3	Copperplate engraving, line art only. Pure black ink on a plain white ground — no grey wash, no colour, no gradients. Tone is built solely from engraved hatching: parallel burin lines, cross-hatching at 54 degrees for the darker passages, a third pass at 108 degrees only for the darkest. Every line swells at its middle and tapers at both ends, as a burin cuts. No solid black areas — a copperplate has none. Light falls from the upper left in every plate. The density of the hatching is identical regardless of subject size. No lettering, no caption, no signature, no border, no frame, no vignette. Flat on the page, no paper texture, no ageing, no stains, no torn edges. A bust portrait, head and shoulders, cut off at the chest. Plain white ground behind. The face is fully drawn as a specific individual: eyes with visible irises and a defined direction of gaze, individual bone structure at the brow, nose and jaw, and a settled expression that reads as character rather than emotion. Age is rendered explicitly in the flesh — where the record notes an aged subject, the lines, hollows and slackness must be unmistakable. Subject: a tall elf with long pointed ears, slight build, facing the viewer squarely. This is the face of a person in their fifties. a thin metal circlet, long hair falling past the shoulders, wearing a heavy wool robe. Holding a wax seal on a cord, small, at the lower edge. Aspect ratio 2:3 (portrait).
人物図版	thalmor-2	13	サルモール／ロルスケル	II 国家・軍事	62×93mm	2:3	Copperplate engraving, line art only. Pure black ink on a plain white ground — no grey wash, no colour, no gradients. Tone is built solely from engraved hatching: parallel burin lines, cross-hatching at 54 degrees for the darker passages, a third pass at 108 degrees only for the darkest. Every line swells at its middle and tapers at both ends, as a burin cuts. No solid black areas — a copperplate has none. Light falls from the upper left in every plate. The density of the hatching is identical regardless of subject size. No lettering, no caption, no signature, no border, no frame, no vignette. Flat on the page, no paper texture, no ageing, no stains, no torn edges. A bust portrait, head and shoulders, cut off at the chest. Plain white ground behind. The face is fully drawn as a specific individual: eyes with visible irises and a defined direction of gaze, individual bone structure at the brow, nose and jaw, and a settled expression that reads as character rather than emotion. Age is rendered explicitly in the flesh — where the record notes an aged subject, the lines, hollows and slackness must be unmistakable. Subject: a tall elf with long pointed ears, ordinary build, turned a quarter to the left. This is the face of a person in their forties. a deep cloth hood, no visible hair, wearing a heavy wool robe. Aspect ratio 2:3 (portrait).
人物図版	thalmor-3	13	サルモール／アンカノ	II 国家・軍事	62×93mm	2:3	Copperplate engraving, line art only. Pure black ink on a plain white ground — no grey wash, no colour, no gradients. Tone is built solely from engraved hatching: parallel burin lines, cross-hatching at 54 degrees for the darker passages, a third pass at 108 degrees only for the darkest. Every line swells at its middle and tapers at both ends, as a burin cuts. No solid black areas — a copperplate has none. Light falls from the upper left in every plate. The density of the hatching is identical regardless of subject size. No lettering, no caption, no signature, no border, no frame, no vignette. Flat on the page, no paper texture, no ageing, no stains, no torn edges. A bust portrait, head and shoulders, cut off at the chest. Plain white ground behind. The face is fully drawn as a specific individual: eyes with visible irises and a defined direction of gaze, individual bone structure at the brow, nose and jaw, and a settled expression that reads as character rather than emotion. Age is rendered explicitly in the flesh — where the record notes an aged subject, the lines, hollows and slackness must be unmistakable. Subject: a tall elf with long pointed ears, ordinary build, turned in profile to the left. This is the face of a person in their forties. bare-headed, short cropped hair, wearing a heavy wool robe. Aspect ratio 2:3 (portrait).
主図版	penitus	14	ペントゥス・オクラトゥス	II 国家・軍事	174×139.2mm	5:4	Copperplate engraving, line art only. Pure black ink on a plain white ground — no grey wash, no colour, no gradients. Tone is built solely from engraved hatching: parallel burin lines, cross-hatching at 54 degrees for the darker passages, a third pass at 108 degrees only for the darkest. Every line swells at its middle and tapers at both ends, as a burin cuts. No solid black areas — a copperplate has none. Light falls from the upper left in every plate. The density of the hatching is identical regardless of subject size. No lettering, no caption, no signature, no border, no frame, no vignette. Flat on the page, no paper texture, no ageing, no stains, no torn edges. A single architectural or landscape scene, viewed from a fixed middle distance. Horizon low. The structure occupies the middle third of the height. Human figures, where present, are small and unindividuated — they establish scale, nothing more. Subject: A city gate, barred and guarded, closed for an imperial visit. Setting: a cold northern province — conifer forest, snow, stone and timber. Aspect ratio 5:4 (landscape).
人物図版	penitus-1	14	ペントゥス・オクラトゥス／マロ	II 国家・軍事	62×93mm	2:3	Copperplate engraving, line art only. Pure black ink on a plain white ground — no grey wash, no colour, no gradients. Tone is built solely from engraved hatching: parallel burin lines, cross-hatching at 54 degrees for the darker passages, a third pass at 108 degrees only for the darkest. Every line swells at its middle and tapers at both ends, as a burin cuts. No solid black areas — a copperplate has none. Light falls from the upper left in every plate. The density of the hatching is identical regardless of subject size. No lettering, no caption, no signature, no border, no frame, no vignette. Flat on the page, no paper texture, no ageing, no stains, no torn edges. A bust portrait, head and shoulders, cut off at the chest. Plain white ground behind. The face is fully drawn as a specific individual: eyes with visible irises and a defined direction of gaze, individual bone structure at the brow, nose and jaw, and a settled expression that reads as character rather than emotion. Age is rendered explicitly in the flesh — where the record notes an aged subject, the lines, hollows and slackness must be unmistakable. Subject: a human of the Imperial provinces, broad, heavy build, facing the viewer squarely. This is the face of a person in their fifties. a plain iron helm, no visible hair, wearing plate armour over a gambeson. Aspect ratio 2:3 (portrait).
人物図版	penitus-2	14	ペントゥス・オクラトゥス／グナル	II 国家・軍事	62×93mm	2:3	Copperplate engraving, line art only. Pure black ink on a plain white ground — no grey wash, no colour, no gradients. Tone is built solely from engraved hatching: parallel burin lines, cross-hatching at 54 degrees for the darker passages, a third pass at 108 degrees only for the darkest. Every line swells at its middle and tapers at both ends, as a burin cuts. No solid black areas — a copperplate has none. Light falls from the upper left in every plate. The density of the hatching is identical regardless of subject size. No lettering, no caption, no signature, no border, no frame, no vignette. Flat on the page, no paper texture, no ageing, no stains, no torn edges. A bust portrait, head and shoulders, cut off at the chest. Plain white ground behind. The face is fully drawn as a specific individual: eyes with visible irises and a defined direction of gaze, individual bone structure at the brow, nose and jaw, and a settled expression that reads as character rather than emotion. Age is rendered explicitly in the flesh — where the record notes an aged subject, the lines, hollows and slackness must be unmistakable. Subject: a Nord of the northern province, ordinary build, turned a quarter to the left. This is the face of a person in their thirties. a plain iron helm, no visible hair, wearing a mail shirt. Holding a spear, small, at the lower edge. Aspect ratio 2:3 (portrait).
人物図版	penitus-3	14	ペントゥス・オクラトゥス／ガイウス・マロ	II 国家・軍事	62×93mm	2:3	Copperplate engraving, line art only. Pure black ink on a plain white ground — no grey wash, no colour, no gradients. Tone is built solely from engraved hatching: parallel burin lines, cross-hatching at 54 degrees for the darker passages, a third pass at 108 degrees only for the darkest. Every line swells at its middle and tapers at both ends, as a burin cuts. No solid black areas — a copperplate has none. Light falls from the upper left in every plate. The density of the hatching is identical regardless of subject size. No lettering, no caption, no signature, no border, no frame, no vignette. Flat on the page, no paper texture, no ageing, no stains, no torn edges. A bust portrait, head and shoulders, cut off at the chest. Plain white ground behind. The face is fully drawn as a specific individual: eyes with visible irises and a defined direction of gaze, individual bone structure at the brow, nose and jaw, and a settled expression that reads as character rather than emotion. Age is rendered explicitly in the flesh — where the record notes an aged subject, the lines, hollows and slackness must be unmistakable. Subject: a human of the Imperial provinces, ordinary build, turned in profile to the left. This is the face of a person in their twenties. bare-headed, short cropped hair, wearing a mail shirt. Holding a hooded lantern, small, at the lower edge. Aspect ratio 2:3 (portrait).
主図版	moot	15	ムート	II 国家・軍事	174×139.2mm	5:4	Copperplate engraving, line art only. Pure black ink on a plain white ground — no grey wash, no colour, no gradients. Tone is built solely from engraved hatching: parallel burin lines, cross-hatching at 54 degrees for the darker passages, a third pass at 108 degrees only for the darkest. Every line swells at its middle and tapers at both ends, as a burin cuts. No solid black areas — a copperplate has none. Light falls from the upper left in every plate. The density of the hatching is identical regardless of subject size. No lettering, no caption, no signature, no border, no frame, no vignette. Flat on the page, no paper texture, no ageing, no stains, no torn edges. A single architectural or landscape scene, viewed from a fixed middle distance. Horizon low. The structure occupies the middle third of the height. Human figures, where present, are small and unindividuated — they establish scale, nothing more. Subject: A free-standing stone gateway on open ground, deserted, with no guard. No human figures at all. The absence is deliberate. Setting: a cold northern province — conifer forest, snow, stone and timber. Aspect ratio 5:4 (landscape).
人物図版	moot-1	15	ムート／バルグルーフ	II 国家・軍事	62×93mm	2:3	Copperplate engraving, line art only. Pure black ink on a plain white ground — no grey wash, no colour, no gradients. Tone is built solely from engraved hatching: parallel burin lines, cross-hatching at 54 degrees for the darker passages, a third pass at 108 degrees only for the darkest. Every line swells at its middle and tapers at both ends, as a burin cuts. No solid black areas — a copperplate has none. Light falls from the upper left in every plate. The density of the hatching is identical regardless of subject size. No lettering, no caption, no signature, no border, no frame, no vignette. Flat on the page, no paper texture, no ageing, no stains, no torn edges. A bust portrait, head and shoulders, cut off at the chest. Plain white ground behind. The face is fully drawn as a specific individual: eyes with visible irises and a defined direction of gaze, individual bone structure at the brow, nose and jaw, and a settled expression that reads as character rather than emotion. Age is rendered explicitly in the flesh — where the record notes an aged subject, the lines, hollows and slackness must be unmistakable. Subject: a Nord of the northern province, ordinary build, facing the viewer squarely. This is the face of a person in their fifties. a thin metal circlet, long hair falling past the shoulders, wearing a fur mantle over the shoulders. Holding a chalice, small, at the lower edge. Aspect ratio 2:3 (portrait).
人物図版	moot-2	15	ムート／エリシフ	II 国家・軍事	62×93mm	2:3	Copperplate engraving, line art only. Pure black ink on a plain white ground — no grey wash, no colour, no gradients. Tone is built solely from engraved hatching: parallel burin lines, cross-hatching at 54 degrees for the darker passages, a third pass at 108 degrees only for the darkest. Every line swells at its middle and tapers at both ends, as a burin cuts. No solid black areas — a copperplate has none. Light falls from the upper left in every plate. The density of the hatching is identical regardless of subject size. No lettering, no caption, no signature, no border, no frame, no vignette. Flat on the page, no paper texture, no ageing, no stains, no torn edges. A bust portrait, head and shoulders, cut off at the chest. Plain white ground behind. The face is fully drawn as a specific individual: eyes with visible irises and a defined direction of gaze, individual bone structure at the brow, nose and jaw, and a settled expression that reads as character rather than emotion. Age is rendered explicitly in the flesh — where the record notes an aged subject, the lines, hollows and slackness must be unmistakable. Subject: a Nord of the northern province, slight build, turned a quarter to the left. This is the face of a person in their twenties. a thin metal circlet, long hair falling past the shoulders, wearing a heavy wool robe. Holding a plain circlet crown, small, at the lower edge. Aspect ratio 2:3 (portrait).
人物図版	moot-3	15	ムート／ラエロフ	II 国家・軍事	62×93mm	2:3	Copperplate engraving, line art only. Pure black ink on a plain white ground — no grey wash, no colour, no gradients. Tone is built solely from engraved hatching: parallel burin lines, cross-hatching at 54 degrees for the darker passages, a third pass at 108 degrees only for the darkest. Every line swells at its middle and tapers at both ends, as a burin cuts. No solid black areas — a copperplate has none. Light falls from the upper left in every plate. The density of the hatching is identical regardless of subject size. No lettering, no caption, no signature, no border, no frame, no vignette. Flat on the page, no paper texture, no ageing, no stains, no torn edges. A bust portrait, head and shoulders, cut off at the chest. Plain white ground behind. The face is fully drawn as a specific individual: eyes with visible irises and a defined direction of gaze, individual bone structure at the brow, nose and jaw, and a settled expression that reads as character rather than emotion. Age is rendered explicitly in the flesh — where the record notes an aged subject, the lines, hollows and slackness must be unmistakable. Subject: a Nord of the northern province, ordinary build, turned in profile to the left. This is the face of a person past sixty. a thin metal circlet, a single heavy braid, wearing a fur mantle over the shoulders. Holding a bound ledger, small, at the lower edge. Aspect ratio 2:3 (portrait).
主図版	eastempire	16	東帝都社	II 国家・軍事	174×139.2mm	5:4	Copperplate engraving, line art only. Pure black ink on a plain white ground — no grey wash, no colour, no gradients. Tone is built solely from engraved hatching: parallel burin lines, cross-hatching at 54 degrees for the darker passages, a third pass at 108 degrees only for the darkest. Every line swells at its middle and tapers at both ends, as a burin cuts. No solid black areas — a copperplate has none. Light falls from the upper left in every plate. The density of the hatching is identical regardless of subject size. No lettering, no caption, no signature, no border, no frame, no vignette. Flat on the page, no paper texture, no ageing, no stains, no torn edges. A single architectural or landscape scene, viewed from a fixed middle distance. Horizon low. The structure occupies the middle third of the height. Human figures, where present, are small and unindividuated — they establish scale, nothing more. Subject: A working quayside with three warehouses and moored vessels. Setting: a cold northern province — conifer forest, snow, stone and timber. Aspect ratio 5:4 (landscape).
人物図版	eastempire-1	16	東帝都社／オーソス	II 国家・軍事	62×93mm	2:3	Copperplate engraving, line art only. Pure black ink on a plain white ground — no grey wash, no colour, no gradients. Tone is built solely from engraved hatching: parallel burin lines, cross-hatching at 54 degrees for the darker passages, a third pass at 108 degrees only for the darkest. Every line swells at its middle and tapers at both ends, as a burin cuts. No solid black areas — a copperplate has none. Light falls from the upper left in every plate. The density of the hatching is identical regardless of subject size. No lettering, no caption, no signature, no border, no frame, no vignette. Flat on the page, no paper texture, no ageing, no stains, no torn edges. A bust portrait, head and shoulders, cut off at the chest. Plain white ground behind. The face is fully drawn as a specific individual: eyes with visible irises and a defined direction of gaze, individual bone structure at the brow, nose and jaw, and a settled expression that reads as character rather than emotion. Age is rendered explicitly in the flesh — where the record notes an aged subject, the lines, hollows and slackness must be unmistakable. Subject: a tall elf with long pointed ears, ordinary build, facing the viewer squarely. This is the face of a person in their fifties. bare-headed, short cropped hair, wearing a heavy wool robe. Holding a bound ledger, small, at the lower edge. Aspect ratio 2:3 (portrait).
人物図版	eastempire-2	16	東帝都社／スティグ	II 国家・軍事	62×93mm	2:3	Copperplate engraving, line art only. Pure black ink on a plain white ground — no grey wash, no colour, no gradients. Tone is built solely from engraved hatching: parallel burin lines, cross-hatching at 54 degrees for the darker passages, a third pass at 108 degrees only for the darkest. Every line swells at its middle and tapers at both ends, as a burin cuts. No solid black areas — a copperplate has none. Light falls from the upper left in every plate. The density of the hatching is identical regardless of subject size. No lettering, no caption, no signature, no border, no frame, no vignette. Flat on the page, no paper texture, no ageing, no stains, no torn edges. A bust portrait, head and shoulders, cut off at the chest. Plain white ground behind. The face is fully drawn as a specific individual: eyes with visible irises and a defined direction of gaze, individual bone structure at the brow, nose and jaw, and a settled expression that reads as character rather than emotion. Age is rendered explicitly in the flesh — where the record notes an aged subject, the lines, hollows and slackness must be unmistakable. Subject: a Nord of the northern province, broad, heavy build, turned a quarter to the left. This is the face of a person in their forties. bare-headed, short cropped hair, wearing a studded leather jerkin. Aspect ratio 2:3 (portrait).
人物図版	eastempire-3	16	東帝都社／ヴィットリア・ヴィキ	II 国家・軍事	62×93mm	2:3	Copperplate engraving, line art only. Pure black ink on a plain white ground — no grey wash, no colour, no gradients. Tone is built solely from engraved hatching: parallel burin lines, cross-hatching at 54 degrees for the darker passages, a third pass at 108 degrees only for the darkest. Every line swells at its middle and tapers at both ends, as a burin cuts. No solid black areas — a copperplate has none. Light falls from the upper left in every plate. The density of the hatching is identical regardless of subject size. No lettering, no caption, no signature, no border, no frame, no vignette. Flat on the page, no paper texture, no ageing, no stains, no torn edges. A bust portrait, head and shoulders, cut off at the chest. Plain white ground behind. The face is fully drawn as a specific individual: eyes with visible irises and a defined direction of gaze, individual bone structure at the brow, nose and jaw, and a settled expression that reads as character rather than emotion. Age is rendered explicitly in the flesh — where the record notes an aged subject, the lines, hollows and slackness must be unmistakable. Subject: a human of the Imperial provinces, slight build, turned in profile to the left. This is the face of a person in their thirties. a thin metal circlet, long hair falling past the shoulders, wearing a heavy wool robe. Aspect ratio 2:3 (portrait).
主図版	silverhand	17	シルバーハンド	III 敵対組織	174×139.2mm	5:4	Copperplate engraving, line art only. Pure black ink on a plain white ground — no grey wash, no colour, no gradients. Tone is built solely from engraved hatching: parallel burin lines, cross-hatching at 54 degrees for the darker passages, a third pass at 108 degrees only for the darkest. Every line swells at its middle and tapers at both ends, as a burin cuts. No solid black areas — a copperplate has none. Light falls from the upper left in every plate. The density of the hatching is identical regardless of subject size. No lettering, no caption, no signature, no border, no frame, no vignette. Flat on the page, no paper texture, no ageing, no stains, no torn edges. A single architectural or landscape scene, viewed from a fixed middle distance. Horizon low. The structure occupies the middle third of the height. Human figures, where present, are small and unindividuated — they establish scale, nothing more. Subject: A timber hideout enclosed by a palisade plainly added after the building. Setting: a cold northern province — conifer forest, snow, stone and timber. Aspect ratio 5:4 (landscape).
人物図版	silverhand-1	17	シルバーハンド／クリーヴ	III 敵対組織	62×93mm	2:3	Copperplate engraving, line art only. Pure black ink on a plain white ground — no grey wash, no colour, no gradients. Tone is built solely from engraved hatching: parallel burin lines, cross-hatching at 54 degrees for the darker passages, a third pass at 108 degrees only for the darkest. Every line swells at its middle and tapers at both ends, as a burin cuts. No solid black areas — a copperplate has none. Light falls from the upper left in every plate. The density of the hatching is identical regardless of subject size. No lettering, no caption, no signature, no border, no frame, no vignette. Flat on the page, no paper texture, no ageing, no stains, no torn edges. A bust portrait, head and shoulders, cut off at the chest. Plain white ground behind. The face is fully drawn as a specific individual: eyes with visible irises and a defined direction of gaze, individual bone structure at the brow, nose and jaw, and a settled expression that reads as character rather than emotion. Age is rendered explicitly in the flesh — where the record notes an aged subject, the lines, hollows and slackness must be unmistakable. Subject: a Nord of the northern province, broad, heavy build, facing the viewer squarely. This is the face of a person in their forties. a plain iron helm, no visible hair, wearing a mail shirt. a scar across one cheek. Holding a war hammer, small, at the lower edge. Aspect ratio 2:3 (portrait).
人物図版	silverhand-2	17	シルバーハンド／スカイル	III 敵対組織	62×93mm	2:3	Copperplate engraving, line art only. Pure black ink on a plain white ground — no grey wash, no colour, no gradients. Tone is built solely from engraved hatching: parallel burin lines, cross-hatching at 54 degrees for the darker passages, a third pass at 108 degrees only for the darkest. Every line swells at its middle and tapers at both ends, as a burin cuts. No solid black areas — a copperplate has none. Light falls from the upper left in every plate. The density of the hatching is identical regardless of subject size. No lettering, no caption, no signature, no border, no frame, no vignette. Flat on the page, no paper texture, no ageing, no stains, no torn edges. A bust portrait, head and shoulders, cut off at the chest. Plain white ground behind. The face is fully drawn as a specific individual: eyes with visible irises and a defined direction of gaze, individual bone structure at the brow, nose and jaw, and a settled expression that reads as character rather than emotion. Age is rendered explicitly in the flesh — where the record notes an aged subject, the lines, hollows and slackness must be unmistakable. Subject: a Nord of the northern province, ordinary build, turned a quarter to the left. This is the face of a person in their thirties. bare-headed, a single heavy braid, wearing a studded leather jerkin. Holding a bow, small, at the lower edge. Aspect ratio 2:3 (portrait).
人物図版	silverhand-3	17	シルバーハンド／砦頭のひとり	III 敵対組織	62×93mm	2:3	Copperplate engraving, line art only. Pure black ink on a plain white ground — no grey wash, no colour, no gradients. Tone is built solely from engraved hatching: parallel burin lines, cross-hatching at 54 degrees for the darker passages, a third pass at 108 degrees only for the darkest. Every line swells at its middle and tapers at both ends, as a burin cuts. No solid black areas — a copperplate has none. Light falls from the upper left in every plate. The density of the hatching is identical regardless of subject size. No lettering, no caption, no signature, no border, no frame, no vignette. Flat on the page, no paper texture, no ageing, no stains, no torn edges. A bust portrait, head and shoulders, cut off at the chest. Plain white ground behind. The face is fully drawn as a specific individual: eyes with visible irises and a defined direction of gaze, individual bone structure at the brow, nose and jaw, and a settled expression that reads as character rather than emotion. Age is rendered explicitly in the flesh — where the record notes an aged subject, the lines, hollows and slackness must be unmistakable. Subject: a Nord of the northern province, ordinary build, turned in profile to the left. This is the face of a person in their forties. a plain iron helm, no visible hair, wearing a studded leather jerkin. Aspect ratio 2:3 (portrait).
主図版	vigilants	18	ステンダールの守人	III 敵対組織	174×139.2mm	5:4	Copperplate engraving, line art only. Pure black ink on a plain white ground — no grey wash, no colour, no gradients. Tone is built solely from engraved hatching: parallel burin lines, cross-hatching at 54 degrees for the darker passages, a third pass at 108 degrees only for the darkest. Every line swells at its middle and tapers at both ends, as a burin cuts. No solid black areas — a copperplate has none. Light falls from the upper left in every plate. The density of the hatching is identical regardless of subject size. No lettering, no caption, no signature, no border, no frame, no vignette. Flat on the page, no paper texture, no ageing, no stains, no torn edges. A single architectural or landscape scene, viewed from a fixed middle distance. Horizon low. The structure occupies the middle third of the height. Human figures, where present, are small and unindividuated — they establish scale, nothing more. Subject: A small stone wayside shrine with an outbuilding. Setting: a cold northern province — conifer forest, snow, stone and timber. Aspect ratio 5:4 (landscape).
人物図版	vigilants-1	18	ステンダールの守人／カルセッテ	III 敵対組織	62×93mm	2:3	Copperplate engraving, line art only. Pure black ink on a plain white ground — no grey wash, no colour, no gradients. Tone is built solely from engraved hatching: parallel burin lines, cross-hatching at 54 degrees for the darker passages, a third pass at 108 degrees only for the darkest. Every line swells at its middle and tapers at both ends, as a burin cuts. No solid black areas — a copperplate has none. Light falls from the upper left in every plate. The density of the hatching is identical regardless of subject size. No lettering, no caption, no signature, no border, no frame, no vignette. Flat on the page, no paper texture, no ageing, no stains, no torn edges. A bust portrait, head and shoulders, cut off at the chest. Plain white ground behind. The face is fully drawn as a specific individual: eyes with visible irises and a defined direction of gaze, individual bone structure at the brow, nose and jaw, and a settled expression that reads as character rather than emotion. Age is rendered explicitly in the flesh — where the record notes an aged subject, the lines, hollows and slackness must be unmistakable. Subject: a human of the Imperial provinces, ordinary build, facing the viewer squarely. This is the face of a person in their fifties. a close cowl, no visible hair, wearing a heavy wool robe. Aspect ratio 2:3 (portrait).
人物図版	vigilants-2	18	ステンダールの守人／トラン	III 敵対組織	62×93mm	2:3	Copperplate engraving, line art only. Pure black ink on a plain white ground — no grey wash, no colour, no gradients. Tone is built solely from engraved hatching: parallel burin lines, cross-hatching at 54 degrees for the darker passages, a third pass at 108 degrees only for the darkest. Every line swells at its middle and tapers at both ends, as a burin cuts. No solid black areas — a copperplate has none. Light falls from the upper left in every plate. The density of the hatching is identical regardless of subject size. No lettering, no caption, no signature, no border, no frame, no vignette. Flat on the page, no paper texture, no ageing, no stains, no torn edges. A bust portrait, head and shoulders, cut off at the chest. Plain white ground behind. The face is fully drawn as a specific individual: eyes with visible irises and a defined direction of gaze, individual bone structure at the brow, nose and jaw, and a settled expression that reads as character rather than emotion. Age is rendered explicitly in the flesh — where the record notes an aged subject, the lines, hollows and slackness must be unmistakable. Subject: a Nord of the northern province, broad, heavy build, turned a quarter to the left. This is the face of a person in their thirties. a close cowl, no visible hair, wearing a heavy wool robe. Aspect ratio 2:3 (portrait).
人物図版	vigilants-3	18	ステンダールの守人／ティラヌス	III 敵対組織	62×93mm	2:3	Copperplate engraving, line art only. Pure black ink on a plain white ground — no grey wash, no colour, no gradients. Tone is built solely from engraved hatching: parallel burin lines, cross-hatching at 54 degrees for the darker passages, a third pass at 108 degrees only for the darkest. Every line swells at its middle and tapers at both ends, as a burin cuts. No solid black areas — a copperplate has none. Light falls from the upper left in every plate. The density of the hatching is identical regardless of subject size. No lettering, no caption, no signature, no border, no frame, no vignette. Flat on the page, no paper texture, no ageing, no stains, no torn edges. A bust portrait, head and shoulders, cut off at the chest. Plain white ground behind. The face is fully drawn as a specific individual: eyes with visible irises and a defined direction of gaze, individual bone structure at the brow, nose and jaw, and a settled expression that reads as character rather than emotion. Age is rendered explicitly in the flesh — where the record notes an aged subject, the lines, hollows and slackness must be unmistakable. Subject: a human of the Imperial provinces, ordinary build, turned in profile to the left. This is the face of a person in their thirties. a close cowl, no visible hair, wearing a heavy wool robe. Holding a hooded lantern, small, at the lower edge. Aspect ratio 2:3 (portrait).
主図版	forsworn	19	フォースウォーン	III 敵対組織	174×139.2mm	5:4	Copperplate engraving, line art only. Pure black ink on a plain white ground — no grey wash, no colour, no gradients. Tone is built solely from engraved hatching: parallel burin lines, cross-hatching at 54 degrees for the darker passages, a third pass at 108 degrees only for the darkest. Every line swells at its middle and tapers at both ends, as a burin cuts. No solid black areas — a copperplate has none. Light falls from the upper left in every plate. The density of the hatching is identical regardless of subject size. No lettering, no caption, no signature, no border, no frame, no vignette. Flat on the page, no paper texture, no ageing, no stains, no torn edges. A single architectural or landscape scene, viewed from a fixed middle distance. Horizon low. The structure occupies the middle third of the height. Human figures, where present, are small and unindividuated — they establish scale, nothing more. Subject: A camp of hide tents on high moorland, near a ring of stones. Setting: a cold northern province — conifer forest, snow, stone and timber. Aspect ratio 5:4 (landscape).
人物図版	forsworn-1	19	フォースウォーン／マドナック	III 敵対組織	62×93mm	2:3	Copperplate engraving, line art only. Pure black ink on a plain white ground — no grey wash, no colour, no gradients. Tone is built solely from engraved hatching: parallel burin lines, cross-hatching at 54 degrees for the darker passages, a third pass at 108 degrees only for the darkest. Every line swells at its middle and tapers at both ends, as a burin cuts. No solid black areas — a copperplate has none. Light falls from the upper left in every plate. The density of the hatching is identical regardless of subject size. No lettering, no caption, no signature, no border, no frame, no vignette. Flat on the page, no paper texture, no ageing, no stains, no torn edges. A bust portrait, head and shoulders, cut off at the chest. Plain white ground behind. The face is fully drawn as a specific individual: eyes with visible irises and a defined direction of gaze, individual bone structure at the brow, nose and jaw, and a settled expression that reads as character rather than emotion. Age is rendered explicitly in the flesh — where the record notes an aged subject, the lines, hollows and slackness must be unmistakable. Subject: a human of the Imperial provinces, broad, heavy build, facing the viewer squarely. This is the face of a person past sixty. a horned iron helm, long hair falling past the shoulders, wearing a fur mantle over the shoulders. Holding a plain circlet crown, small, at the lower edge. Aspect ratio 2:3 (portrait).
人物図版	forsworn-2	19	フォースウォーン／ケイリー	III 敵対組織	62×93mm	2:3	Copperplate engraving, line art only. Pure black ink on a plain white ground — no grey wash, no colour, no gradients. Tone is built solely from engraved hatching: parallel burin lines, cross-hatching at 54 degrees for the darker passages, a third pass at 108 degrees only for the darkest. Every line swells at its middle and tapers at both ends, as a burin cuts. No solid black areas — a copperplate has none. Light falls from the upper left in every plate. The density of the hatching is identical regardless of subject size. No lettering, no caption, no signature, no border, no frame, no vignette. Flat on the page, no paper texture, no ageing, no stains, no torn edges. A bust portrait, head and shoulders, cut off at the chest. Plain white ground behind. The face is fully drawn as a specific individual: eyes with visible irises and a defined direction of gaze, individual bone structure at the brow, nose and jaw, and a settled expression that reads as character rather than emotion. Age is rendered explicitly in the flesh — where the record notes an aged subject, the lines, hollows and slackness must be unmistakable. Subject: a human of the Imperial provinces, slight build, turned a quarter to the left. This is the face of a person in their twenties. bare-headed, a single heavy braid, wearing a fur mantle over the shoulders. Holding a bow, small, at the lower edge. Aspect ratio 2:3 (portrait).
人物図版	forsworn-3	19	フォースウォーン／ハグレイヴン	III 敵対組織	62×93mm	2:3	Copperplate engraving, line art only. Pure black ink on a plain white ground — no grey wash, no colour, no gradients. Tone is built solely from engraved hatching: parallel burin lines, cross-hatching at 54 degrees for the darker passages, a third pass at 108 degrees only for the darkest. Every line swells at its middle and tapers at both ends, as a burin cuts. No solid black areas — a copperplate has none. Light falls from the upper left in every plate. The density of the hatching is identical regardless of subject size. No lettering, no caption, no signature, no border, no frame, no vignette. Flat on the page, no paper texture, no ageing, no stains, no torn edges. A bust portrait, head and shoulders, cut off at the chest. Plain white ground behind. The face is fully drawn as a specific individual: eyes with visible irises and a defined direction of gaze, individual bone structure at the brow, nose and jaw, and a settled expression that reads as character rather than emotion. Age is rendered explicitly in the flesh — where the record notes an aged subject, the lines, hollows and slackness must be unmistakable. Subject: a human of the Imperial provinces, slight build, turned in profile to the left. This is the face of a person past seventy. bare-headed, long hair falling past the shoulders, wearing a fur mantle over the shoulders. Aspect ratio 2:3 (portrait).
主図版	psijic	20	サイジック会	III 敵対組織	174×139.2mm	5:4	Copperplate engraving, line art only. Pure black ink on a plain white ground — no grey wash, no colour, no gradients. Tone is built solely from engraved hatching: parallel burin lines, cross-hatching at 54 degrees for the darker passages, a third pass at 108 degrees only for the darkest. Every line swells at its middle and tapers at both ends, as a burin cuts. No solid black areas — a copperplate has none. Light falls from the upper left in every plate. The density of the hatching is identical regardless of subject size. No lettering, no caption, no signature, no border, no frame, no vignette. Flat on the page, no paper texture, no ageing, no stains, no torn edges. A single architectural or landscape scene, viewed from a fixed middle distance. Horizon low. The structure occupies the middle third of the height. Human figures, where present, are small and unindividuated — they establish scale, nothing more. Subject: A slender tower on an island, seen across water. No human figures at all. The absence is deliberate. Setting: a cold northern province — conifer forest, snow, stone and timber. Aspect ratio 5:4 (landscape).
人物図版	psijic-1	20	サイジック会／クァラン	III 敵対組織	62×93mm	2:3	Copperplate engraving, line art only. Pure black ink on a plain white ground — no grey wash, no colour, no gradients. Tone is built solely from engraved hatching: parallel burin lines, cross-hatching at 54 degrees for the darker passages, a third pass at 108 degrees only for the darkest. Every line swells at its middle and tapers at both ends, as a burin cuts. No solid black areas — a copperplate has none. Light falls from the upper left in every plate. The density of the hatching is identical regardless of subject size. No lettering, no caption, no signature, no border, no frame, no vignette. Flat on the page, no paper texture, no ageing, no stains, no torn edges. A bust portrait, head and shoulders, cut off at the chest. Plain white ground behind. The face is fully drawn as a specific individual: eyes with visible irises and a defined direction of gaze, individual bone structure at the brow, nose and jaw, and a settled expression that reads as character rather than emotion. Age is rendered explicitly in the flesh — where the record notes an aged subject, the lines, hollows and slackness must be unmistakable. Subject: a tall elf with long pointed ears, ordinary build, facing the viewer squarely. This is the face of a person in their forties. a deep cloth hood, no visible hair, wearing a heavy wool robe. Aspect ratio 2:3 (portrait).
人物図版	psijic-2	20	サイジック会／ネリエン	III 敵対組織	62×93mm	2:3	Copperplate engraving, line art only. Pure black ink on a plain white ground — no grey wash, no colour, no gradients. Tone is built solely from engraved hatching: parallel burin lines, cross-hatching at 54 degrees for the darker passages, a third pass at 108 degrees only for the darkest. Every line swells at its middle and tapers at both ends, as a burin cuts. No solid black areas — a copperplate has none. Light falls from the upper left in every plate. The density of the hatching is identical regardless of subject size. No lettering, no caption, no signature, no border, no frame, no vignette. Flat on the page, no paper texture, no ageing, no stains, no torn edges. A bust portrait, head and shoulders, cut off at the chest. Plain white ground behind. The face is fully drawn as a specific individual: eyes with visible irises and a defined direction of gaze, individual bone structure at the brow, nose and jaw, and a settled expression that reads as character rather than emotion. Age is rendered explicitly in the flesh — where the record notes an aged subject, the lines, hollows and slackness must be unmistakable. Subject: a tall elf with long pointed ears, slight build, turned a quarter to the left. This is the face of a person in their forties. a deep cloth hood, no visible hair, wearing a heavy wool robe. Aspect ratio 2:3 (portrait).
人物図版	psijic-3	20	サイジック会／イアケシス	III 敵対組織	62×93mm	2:3	Copperplate engraving, line art only. Pure black ink on a plain white ground — no grey wash, no colour, no gradients. Tone is built solely from engraved hatching: parallel burin lines, cross-hatching at 54 degrees for the darker passages, a third pass at 108 degrees only for the darkest. Every line swells at its middle and tapers at both ends, as a burin cuts. No solid black areas — a copperplate has none. Light falls from the upper left in every plate. The density of the hatching is identical regardless of subject size. No lettering, no caption, no signature, no border, no frame, no vignette. Flat on the page, no paper texture, no ageing, no stains, no torn edges. A bust portrait, head and shoulders, cut off at the chest. Plain white ground behind. The face is fully drawn as a specific individual: eyes with visible irises and a defined direction of gaze, individual bone structure at the brow, nose and jaw, and a settled expression that reads as character rather than emotion. Age is rendered explicitly in the flesh — where the record notes an aged subject, the lines, hollows and slackness must be unmistakable. Subject: a tall elf with long pointed ears, ordinary build, head slightly bowed. This is the face of a person past seventy. a thin metal circlet, long hair falling past the shoulders, wearing a heavy wool robe. Holding a wooden staff, small, at the lower edge. Aspect ratio 2:3 (portrait).
主図版	synod	21	サイノッド	III 敵対組織	174×139.2mm	5:4	Copperplate engraving, line art only. Pure black ink on a plain white ground — no grey wash, no colour, no gradients. Tone is built solely from engraved hatching: parallel burin lines, cross-hatching at 54 degrees for the darker passages, a third pass at 108 degrees only for the darkest. Every line swells at its middle and tapers at both ends, as a burin cuts. No solid black areas — a copperplate has none. Light falls from the upper left in every plate. The density of the hatching is identical regardless of subject size. No lettering, no caption, no signature, no border, no frame, no vignette. Flat on the page, no paper texture, no ageing, no stains, no torn edges. A single architectural or landscape scene, viewed from a fixed middle distance. Horizon low. The structure occupies the middle third of the height. Human figures, where present, are small and unindividuated — they establish scale, nothing more. Subject: The open mouth of a ruined stone hall, unsealed. Setting: a cold northern province — conifer forest, snow, stone and timber. Aspect ratio 5:4 (landscape).
人物図版	synod-1	21	サイノッド／ガヴロス・プリニウス	III 敵対組織	62×93mm	2:3	Copperplate engraving, line art only. Pure black ink on a plain white ground — no grey wash, no colour, no gradients. Tone is built solely from engraved hatching: parallel burin lines, cross-hatching at 54 degrees for the darker passages, a third pass at 108 degrees only for the darkest. Every line swells at its middle and tapers at both ends, as a burin cuts. No solid black areas — a copperplate has none. Light falls from the upper left in every plate. The density of the hatching is identical regardless of subject size. No lettering, no caption, no signature, no border, no frame, no vignette. Flat on the page, no paper texture, no ageing, no stains, no torn edges. A bust portrait, head and shoulders, cut off at the chest. Plain white ground behind. The face is fully drawn as a specific individual: eyes with visible irises and a defined direction of gaze, individual bone structure at the brow, nose and jaw, and a settled expression that reads as character rather than emotion. Age is rendered explicitly in the flesh — where the record notes an aged subject, the lines, hollows and slackness must be unmistakable. Subject: a human of the Imperial provinces, ordinary build, facing the viewer squarely. This is the face of a person in their fifties. a deep cloth hood, no visible hair, wearing a heavy wool robe. Aspect ratio 2:3 (portrait).
人物図版	synod-2	21	サイノッド／パラトゥス・デキミウス	III 敵対組織	62×93mm	2:3	Copperplate engraving, line art only. Pure black ink on a plain white ground — no grey wash, no colour, no gradients. Tone is built solely from engraved hatching: parallel burin lines, cross-hatching at 54 degrees for the darker passages, a third pass at 108 degrees only for the darkest. Every line swells at its middle and tapers at both ends, as a burin cuts. No solid black areas — a copperplate has none. Light falls from the upper left in every plate. The density of the hatching is identical regardless of subject size. No lettering, no caption, no signature, no border, no frame, no vignette. Flat on the page, no paper texture, no ageing, no stains, no torn edges. A bust portrait, head and shoulders, cut off at the chest. Plain white ground behind. The face is fully drawn as a specific individual: eyes with visible irises and a defined direction of gaze, individual bone structure at the brow, nose and jaw, and a settled expression that reads as character rather than emotion. Age is rendered explicitly in the flesh — where the record notes an aged subject, the lines, hollows and slackness must be unmistakable. Subject: a human of the Imperial provinces, slight build, turned a quarter to the left. This is the face of a person in their forties. bare-headed, short cropped hair, wearing a heavy wool robe. Holding a small glass phial, small, at the lower edge. Aspect ratio 2:3 (portrait).
人物図版	synod-3	21	サイノッド／使節	III 敵対組織	62×93mm	2:3	Copperplate engraving, line art only. Pure black ink on a plain white ground — no grey wash, no colour, no gradients. Tone is built solely from engraved hatching: parallel burin lines, cross-hatching at 54 degrees for the darker passages, a third pass at 108 degrees only for the darkest. Every line swells at its middle and tapers at both ends, as a burin cuts. No solid black areas — a copperplate has none. Light falls from the upper left in every plate. The density of the hatching is identical regardless of subject size. No lettering, no caption, no signature, no border, no frame, no vignette. Flat on the page, no paper texture, no ageing, no stains, no torn edges. A bust portrait, head and shoulders, cut off at the chest. Plain white ground behind. The face is fully drawn as a specific individual: eyes with visible irises and a defined direction of gaze, individual bone structure at the brow, nose and jaw, and a settled expression that reads as character rather than emotion. Age is rendered explicitly in the flesh — where the record notes an aged subject, the lines, hollows and slackness must be unmistakable. Subject: a human of the Imperial provinces, ordinary build, turned in profile to the left. This is the face of a person in their forties. a deep cloth hood, no visible hair, wearing a heavy wool robe. Aspect ratio 2:3 (portrait).
主図版	whispers	22	ウィスパーズ	III 敵対組織	174×139.2mm	5:4	Copperplate engraving, line art only. Pure black ink on a plain white ground — no grey wash, no colour, no gradients. Tone is built solely from engraved hatching: parallel burin lines, cross-hatching at 54 degrees for the darker passages, a third pass at 108 degrees only for the darkest. Every line swells at its middle and tapers at both ends, as a burin cuts. No solid black areas — a copperplate has none. Light falls from the upper left in every plate. The density of the hatching is identical regardless of subject size. No lettering, no caption, no signature, no border, no frame, no vignette. Flat on the page, no paper texture, no ageing, no stains, no torn edges. A single architectural or landscape scene, viewed from a fixed middle distance. Horizon low. The structure occupies the middle third of the height. Human figures, where present, are small and unindividuated — they establish scale, nothing more. Subject: An empty stretch of forest road where a letter was found; nothing else is present. Night. The sky is worked up with dense hatching; the ground stays light. No human figures at all. The absence is deliberate. Setting: a cold northern province — conifer forest, snow, stone and timber. Aspect ratio 5:4 (landscape).
人物図版	whispers-1	22	ウィスパーズ／書簡に現れる「S」	III 敵対組織	62×93mm	2:3	Copperplate engraving, line art only. Pure black ink on a plain white ground — no grey wash, no colour, no gradients. Tone is built solely from engraved hatching: parallel burin lines, cross-hatching at 54 degrees for the darker passages, a third pass at 108 degrees only for the darkest. Every line swells at its middle and tapers at both ends, as a burin cuts. No solid black areas — a copperplate has none. Light falls from the upper left in every plate. The density of the hatching is identical regardless of subject size. No lettering, no caption, no signature, no border, no frame, no vignette. Flat on the page, no paper texture, no ageing, no stains, no torn edges. A bust portrait, head and shoulders, cut off at the chest. Plain white ground behind. The face is fully drawn as a specific individual: eyes with visible irises and a defined direction of gaze, individual bone structure at the brow, nose and jaw, and a settled expression that reads as character rather than emotion. Age is rendered explicitly in the flesh — where the record notes an aged subject, the lines, hollows and slackness must be unmistakable. Subject: a human of the Imperial provinces, ordinary build, facing the viewer squarely. a deep cloth hood, no visible hair, wearing a heavy wool robe. Holding a quill pen, small, at the lower edge. Aspect ratio 2:3 (portrait).
人物図版	whispers-2	22	ウィスパーズ／尋問記録の被告	III 敵対組織	62×93mm	2:3	Copperplate engraving, line art only. Pure black ink on a plain white ground — no grey wash, no colour, no gradients. Tone is built solely from engraved hatching: parallel burin lines, cross-hatching at 54 degrees for the darker passages, a third pass at 108 degrees only for the darkest. Every line swells at its middle and tapers at both ends, as a burin cuts. No solid black areas — a copperplate has none. Light falls from the upper left in every plate. The density of the hatching is identical regardless of subject size. No lettering, no caption, no signature, no border, no frame, no vignette. Flat on the page, no paper texture, no ageing, no stains, no torn edges. A bust portrait, head and shoulders, cut off at the chest. Plain white ground behind. The face is fully drawn as a specific individual: eyes with visible irises and a defined direction of gaze, individual bone structure at the brow, nose and jaw, and a settled expression that reads as character rather than emotion. Age is rendered explicitly in the flesh — where the record notes an aged subject, the lines, hollows and slackness must be unmistakable. Subject: a human of the Imperial provinces, ordinary build, head slightly bowed. This is the face of a person in their forties. a close cowl, no visible hair, wearing a heavy wool robe. Aspect ratio 2:3 (portrait).
人物図版	whispers-3	22	ウィスパーズ／密告者と目された者	III 敵対組織	62×93mm	2:3	Copperplate engraving, line art only. Pure black ink on a plain white ground — no grey wash, no colour, no gradients. Tone is built solely from engraved hatching: parallel burin lines, cross-hatching at 54 degrees for the darker passages, a third pass at 108 degrees only for the darkest. Every line swells at its middle and tapers at both ends, as a burin cuts. No solid black areas — a copperplate has none. Light falls from the upper left in every plate. The density of the hatching is identical regardless of subject size. No lettering, no caption, no signature, no border, no frame, no vignette. Flat on the page, no paper texture, no ageing, no stains, no torn edges. A bust portrait, head and shoulders, cut off at the chest. Plain white ground behind. The face is fully drawn as a specific individual: eyes with visible irises and a defined direction of gaze, individual bone structure at the brow, nose and jaw, and a settled expression that reads as character rather than emotion. Age is rendered explicitly in the flesh — where the record notes an aged subject, the lines, hollows and slackness must be unmistakable. Subject: a human of the Imperial provinces, slight build, turned in profile to the left. This is the face of a person in their forties. bare-headed, short cropped hair, wearing a studded leather jerkin. Aspect ratio 2:3 (portrait).
主図版	moragtong	23	モラグ・トング	III 敵対組織	174×139.2mm	5:4	Copperplate engraving, line art only. Pure black ink on a plain white ground — no grey wash, no colour, no gradients. Tone is built solely from engraved hatching: parallel burin lines, cross-hatching at 54 degrees for the darker passages, a third pass at 108 degrees only for the darkest. Every line swells at its middle and tapers at both ends, as a burin cuts. No solid black areas — a copperplate has none. Light falls from the upper left in every plate. The density of the hatching is identical regardless of subject size. No lettering, no caption, no signature, no border, no frame, no vignette. Flat on the page, no paper texture, no ageing, no stains, no torn edges. A single architectural or landscape scene, viewed from a fixed middle distance. Horizon low. The structure occupies the middle third of the height. Human figures, where present, are small and unindividuated — they establish scale, nothing more. Subject: An underground shrine chamber with a writing desk and shelved records. Night. The sky is worked up with dense hatching; the ground stays light. Setting: a cold northern province — conifer forest, snow, stone and timber. Aspect ratio 5:4 (landscape).
人物図版	moragtong-1	23	モラグ・トング／テネル	III 敵対組織	62×93mm	2:3	Copperplate engraving, line art only. Pure black ink on a plain white ground — no grey wash, no colour, no gradients. Tone is built solely from engraved hatching: parallel burin lines, cross-hatching at 54 degrees for the darker passages, a third pass at 108 degrees only for the darkest. Every line swells at its middle and tapers at both ends, as a burin cuts. No solid black areas — a copperplate has none. Light falls from the upper left in every plate. The density of the hatching is identical regardless of subject size. No lettering, no caption, no signature, no border, no frame, no vignette. Flat on the page, no paper texture, no ageing, no stains, no torn edges. A bust portrait, head and shoulders, cut off at the chest. Plain white ground behind. The face is fully drawn as a specific individual: eyes with visible irises and a defined direction of gaze, individual bone structure at the brow, nose and jaw, and a settled expression that reads as character rather than emotion. Age is rendered explicitly in the flesh — where the record notes an aged subject, the lines, hollows and slackness must be unmistakable. Subject: a tall elf with long pointed ears, ordinary build, facing the viewer squarely. This is the face of a person in their fifties. a close cowl, no visible hair, wearing a studded leather jerkin. Holding a dagger, small, at the lower edge. Aspect ratio 2:3 (portrait).
人物図版	moragtong-2	23	モラグ・トング／書記	III 敵対組織	62×93mm	2:3	Copperplate engraving, line art only. Pure black ink on a plain white ground — no grey wash, no colour, no gradients. Tone is built solely from engraved hatching: parallel burin lines, cross-hatching at 54 degrees for the darker passages, a third pass at 108 degrees only for the darkest. Every line swells at its middle and tapers at both ends, as a burin cuts. No solid black areas — a copperplate has none. Light falls from the upper left in every plate. The density of the hatching is identical regardless of subject size. No lettering, no caption, no signature, no border, no frame, no vignette. Flat on the page, no paper texture, no ageing, no stains, no torn edges. A bust portrait, head and shoulders, cut off at the chest. Plain white ground behind. The face is fully drawn as a specific individual: eyes with visible irises and a defined direction of gaze, individual bone structure at the brow, nose and jaw, and a settled expression that reads as character rather than emotion. Age is rendered explicitly in the flesh — where the record notes an aged subject, the lines, hollows and slackness must be unmistakable. Subject: a tall elf with long pointed ears, slight build, head slightly bowed. This is the face of a person past sixty. a deep cloth hood, no visible hair, wearing a heavy wool robe. Aspect ratio 2:3 (portrait).
人物図版	moragtong-3	23	モラグ・トング／残存の一人	III 敵対組織	62×93mm	2:3	Copperplate engraving, line art only. Pure black ink on a plain white ground — no grey wash, no colour, no gradients. Tone is built solely from engraved hatching: parallel burin lines, cross-hatching at 54 degrees for the darker passages, a third pass at 108 degrees only for the darkest. Every line swells at its middle and tapers at both ends, as a burin cuts. No solid black areas — a copperplate has none. Light falls from the upper left in every plate. The density of the hatching is identical regardless of subject size. No lettering, no caption, no signature, no border, no frame, no vignette. Flat on the page, no paper texture, no ageing, no stains, no torn edges. A bust portrait, head and shoulders, cut off at the chest. Plain white ground behind. The face is fully drawn as a specific individual: eyes with visible irises and a defined direction of gaze, individual bone structure at the brow, nose and jaw, and a settled expression that reads as character rather than emotion. Age is rendered explicitly in the flesh — where the record notes an aged subject, the lines, hollows and slackness must be unmistakable. Subject: a tall elf with long pointed ears, ordinary build, turned in profile to the left. This is the face of a person past seventy. a close cowl, no visible hair, wearing a studded leather jerkin. a scar across one cheek. Aspect ratio 2:3 (portrait).
主図版	alikr	24	アリキール	III 敵対組織	174×139.2mm	5:4	Copperplate engraving, line art only. Pure black ink on a plain white ground — no grey wash, no colour, no gradients. Tone is built solely from engraved hatching: parallel burin lines, cross-hatching at 54 degrees for the darker passages, a third pass at 108 degrees only for the darkest. Every line swells at its middle and tapers at both ends, as a burin cuts. No solid black areas — a copperplate has none. Light falls from the upper left in every plate. The density of the hatching is identical regardless of subject size. No lettering, no caption, no signature, no border, no frame, no vignette. Flat on the page, no paper texture, no ageing, no stains, no torn edges. A single architectural or landscape scene, viewed from a fixed middle distance. Horizon low. The structure occupies the middle third of the height. Human figures, where present, are small and unindividuated — they establish scale, nothing more. Subject: A mercenary camp on open ground outside a city gate, the walls behind it. Setting: a cold northern province — conifer forest, snow, stone and timber. Aspect ratio 5:4 (landscape).
人物図版	alikr-1	24	アリキール／ケマトゥ	III 敵対組織	62×93mm	2:3	Copperplate engraving, line art only. Pure black ink on a plain white ground — no grey wash, no colour, no gradients. Tone is built solely from engraved hatching: parallel burin lines, cross-hatching at 54 degrees for the darker passages, a third pass at 108 degrees only for the darkest. Every line swells at its middle and tapers at both ends, as a burin cuts. No solid black areas — a copperplate has none. Light falls from the upper left in every plate. The density of the hatching is identical regardless of subject size. No lettering, no caption, no signature, no border, no frame, no vignette. Flat on the page, no paper texture, no ageing, no stains, no torn edges. A bust portrait, head and shoulders, cut off at the chest. Plain white ground behind. The face is fully drawn as a specific individual: eyes with visible irises and a defined direction of gaze, individual bone structure at the brow, nose and jaw, and a settled expression that reads as character rather than emotion. Age is rendered explicitly in the flesh — where the record notes an aged subject, the lines, hollows and slackness must be unmistakable. Subject: a human of the Imperial provinces, ordinary build, facing the viewer squarely. This is the face of a person in their forties. a deep cloth hood, no visible hair, wearing a studded leather jerkin. Holding a straight sword held upright before the chest, small, at the lower edge. Aspect ratio 2:3 (portrait).
人物図版	alikr-2	24	アリキール／隊士（追跡）	III 敵対組織	62×93mm	2:3	Copperplate engraving, line art only. Pure black ink on a plain white ground — no grey wash, no colour, no gradients. Tone is built solely from engraved hatching: parallel burin lines, cross-hatching at 54 degrees for the darker passages, a third pass at 108 degrees only for the darkest. Every line swells at its middle and tapers at both ends, as a burin cuts. No solid black areas — a copperplate has none. Light falls from the upper left in every plate. The density of the hatching is identical regardless of subject size. No lettering, no caption, no signature, no border, no frame, no vignette. Flat on the page, no paper texture, no ageing, no stains, no torn edges. A bust portrait, head and shoulders, cut off at the chest. Plain white ground behind. The face is fully drawn as a specific individual: eyes with visible irises and a defined direction of gaze, individual bone structure at the brow, nose and jaw, and a settled expression that reads as character rather than emotion. Age is rendered explicitly in the flesh — where the record notes an aged subject, the lines, hollows and slackness must be unmistakable. Subject: a human of the Imperial provinces, ordinary build, turned a quarter to the left. This is the face of a person in their thirties. a deep cloth hood, no visible hair, wearing a studded leather jerkin. Aspect ratio 2:3 (portrait).
人物図版	alikr-3	24	アリキール／隊士（市門で拘束）	III 敵対組織	62×93mm	2:3	Copperplate engraving, line art only. Pure black ink on a plain white ground — no grey wash, no colour, no gradients. Tone is built solely from engraved hatching: parallel burin lines, cross-hatching at 54 degrees for the darker passages, a third pass at 108 degrees only for the darkest. Every line swells at its middle and tapers at both ends, as a burin cuts. No solid black areas — a copperplate has none. Light falls from the upper left in every plate. The density of the hatching is identical regardless of subject size. No lettering, no caption, no signature, no border, no frame, no vignette. Flat on the page, no paper texture, no ageing, no stains, no torn edges. A bust portrait, head and shoulders, cut off at the chest. Plain white ground behind. The face is fully drawn as a specific individual: eyes with visible irises and a defined direction of gaze, individual bone structure at the brow, nose and jaw, and a settled expression that reads as character rather than emotion. Age is rendered explicitly in the flesh — where the record notes an aged subject, the lines, hollows and slackness must be unmistakable. Subject: a human of the Imperial provinces, slight build, turned in profile to the left. This is the face of a person in their thirties. bare-headed, short cropped hair, wearing a studded leather jerkin. a scar across one cheek. Aspect ratio 2:3 (portrait).
主図版	shadows	25	サマーセットの影	III 敵対組織	174×139.2mm	5:4	Copperplate engraving, line art only. Pure black ink on a plain white ground — no grey wash, no colour, no gradients. Tone is built solely from engraved hatching: parallel burin lines, cross-hatching at 54 degrees for the darker passages, a third pass at 108 degrees only for the darkest. Every line swells at its middle and tapers at both ends, as a burin cuts. No solid black areas — a copperplate has none. Light falls from the upper left in every plate. The density of the hatching is identical regardless of subject size. No lettering, no caption, no signature, no border, no frame, no vignette. Flat on the page, no paper texture, no ageing, no stains, no torn edges. A single architectural or landscape scene, viewed from a fixed middle distance. Horizon low. The structure occupies the middle third of the height. Human figures, where present, are small and unindividuated — they establish scale, nothing more. Subject: A forest track, empty, the trees close on both sides. Night. The sky is worked up with dense hatching; the ground stays light. No human figures at all. The absence is deliberate. Setting: a cold northern province — conifer forest, snow, stone and timber. Aspect ratio 5:4 (landscape).
人物図版	shadows-1	25	サマーセットの影／目撃された一人	III 敵対組織	62×93mm	2:3	Copperplate engraving, line art only. Pure black ink on a plain white ground — no grey wash, no colour, no gradients. Tone is built solely from engraved hatching: parallel burin lines, cross-hatching at 54 degrees for the darker passages, a third pass at 108 degrees only for the darkest. Every line swells at its middle and tapers at both ends, as a burin cuts. No solid black areas — a copperplate has none. Light falls from the upper left in every plate. The density of the hatching is identical regardless of subject size. No lettering, no caption, no signature, no border, no frame, no vignette. Flat on the page, no paper texture, no ageing, no stains, no torn edges. A bust portrait, head and shoulders, cut off at the chest. Plain white ground behind. The face is fully drawn as a specific individual: eyes with visible irises and a defined direction of gaze, individual bone structure at the brow, nose and jaw, and a settled expression that reads as character rather than emotion. Age is rendered explicitly in the flesh — where the record notes an aged subject, the lines, hollows and slackness must be unmistakable. Subject: a tall elf with long pointed ears, ordinary build, turned in profile to the left. a close cowl, no visible hair, wearing a studded leather jerkin. Aspect ratio 2:3 (portrait).
人物図版	shadows-2	25	サマーセットの影／失踪者の同行者	III 敵対組織	62×93mm	2:3	Copperplate engraving, line art only. Pure black ink on a plain white ground — no grey wash, no colour, no gradients. Tone is built solely from engraved hatching: parallel burin lines, cross-hatching at 54 degrees for the darker passages, a third pass at 108 degrees only for the darkest. Every line swells at its middle and tapers at both ends, as a burin cuts. No solid black areas — a copperplate has none. Light falls from the upper left in every plate. The density of the hatching is identical regardless of subject size. No lettering, no caption, no signature, no border, no frame, no vignette. Flat on the page, no paper texture, no ageing, no stains, no torn edges. A bust portrait, head and shoulders, cut off at the chest. Plain white ground behind. The face is fully drawn as a specific individual: eyes with visible irises and a defined direction of gaze, individual bone structure at the brow, nose and jaw, and a settled expression that reads as character rather than emotion. Age is rendered explicitly in the flesh — where the record notes an aged subject, the lines, hollows and slackness must be unmistakable. Subject: a tall elf with long pointed ears, slight build, head slightly bowed. This is the face of a person in their thirties. a deep cloth hood, no visible hair, wearing a heavy wool robe. Aspect ratio 2:3 (portrait).
人物図版	shadows-3	25	サマーセットの影／模倣と判定された者	III 敵対組織	62×93mm	2:3	Copperplate engraving, line art only. Pure black ink on a plain white ground — no grey wash, no colour, no gradients. Tone is built solely from engraved hatching: parallel burin lines, cross-hatching at 54 degrees for the darker passages, a third pass at 108 degrees only for the darkest. Every line swells at its middle and tapers at both ends, as a burin cuts. No solid black areas — a copperplate has none. Light falls from the upper left in every plate. The density of the hatching is identical regardless of subject size. No lettering, no caption, no signature, no border, no frame, no vignette. Flat on the page, no paper texture, no ageing, no stains, no torn edges. A bust portrait, head and shoulders, cut off at the chest. Plain white ground behind. The face is fully drawn as a specific individual: eyes with visible irises and a defined direction of gaze, individual bone structure at the brow, nose and jaw, and a settled expression that reads as character rather than emotion. Age is rendered explicitly in the flesh — where the record notes an aged subject, the lines, hollows and slackness must be unmistakable. Subject: a human of the Imperial provinces, ordinary build, turned a quarter to the left. This is the face of a person in their thirties. bare-headed, short cropped hair, wearing a studded leather jerkin. a scar across one cheek. Aspect ratio 2:3 (portrait).
主図版	blackbriar	26	ブラック・ブライア家	IV 商業・名家	174×139.2mm	5:4	Copperplate engraving, line art only. Pure black ink on a plain white ground — no grey wash, no colour, no gradients. Tone is built solely from engraved hatching: parallel burin lines, cross-hatching at 54 degrees for the darker passages, a third pass at 108 degrees only for the darkest. Every line swells at its middle and tapers at both ends, as a burin cuts. No solid black areas — a copperplate has none. Light falls from the upper left in every plate. The density of the hatching is identical regardless of subject size. No lettering, no caption, no signature, no border, no frame, no vignette. Flat on the page, no paper texture, no ageing, no stains, no torn edges. A single architectural or landscape scene, viewed from a fixed middle distance. Horizon low. The structure occupies the middle third of the height. Human figures, where present, are small and unindividuated — they establish scale, nothing more. Subject: A city canal; a brewery fronts the water, barrels being moved by lamplight. Setting: a cold northern province — conifer forest, snow, stone and timber. Aspect ratio 5:4 (landscape).
人物図版	blackbriar-1	26	ブラック・ブライア家／メイビン	IV 商業・名家	62×93mm	2:3	Copperplate engraving, line art only. Pure black ink on a plain white ground — no grey wash, no colour, no gradients. Tone is built solely from engraved hatching: parallel burin lines, cross-hatching at 54 degrees for the darker passages, a third pass at 108 degrees only for the darkest. Every line swells at its middle and tapers at both ends, as a burin cuts. No solid black areas — a copperplate has none. Light falls from the upper left in every plate. The density of the hatching is identical regardless of subject size. No lettering, no caption, no signature, no border, no frame, no vignette. Flat on the page, no paper texture, no ageing, no stains, no torn edges. A bust portrait, head and shoulders, cut off at the chest. Plain white ground behind. The face is fully drawn as a specific individual: eyes with visible irises and a defined direction of gaze, individual bone structure at the brow, nose and jaw, and a settled expression that reads as character rather than emotion. Age is rendered explicitly in the flesh — where the record notes an aged subject, the lines, hollows and slackness must be unmistakable. Subject: a Nord of the northern province, ordinary build, facing the viewer squarely. This is the face of a person past sixty. a thin metal circlet, long hair falling past the shoulders, wearing a heavy wool robe. Holding a bound ledger, small, at the lower edge. Aspect ratio 2:3 (portrait).
人物図版	blackbriar-2	26	ブラック・ブライア家／ハースィル	IV 商業・名家	62×93mm	2:3	Copperplate engraving, line art only. Pure black ink on a plain white ground — no grey wash, no colour, no gradients. Tone is built solely from engraved hatching: parallel burin lines, cross-hatching at 54 degrees for the darker passages, a third pass at 108 degrees only for the darkest. Every line swells at its middle and tapers at both ends, as a burin cuts. No solid black areas — a copperplate has none. Light falls from the upper left in every plate. The density of the hatching is identical regardless of subject size. No lettering, no caption, no signature, no border, no frame, no vignette. Flat on the page, no paper texture, no ageing, no stains, no torn edges. A bust portrait, head and shoulders, cut off at the chest. Plain white ground behind. The face is fully drawn as a specific individual: eyes with visible irises and a defined direction of gaze, individual bone structure at the brow, nose and jaw, and a settled expression that reads as character rather than emotion. Age is rendered explicitly in the flesh — where the record notes an aged subject, the lines, hollows and slackness must be unmistakable. Subject: a Nord of the northern province, ordinary build, turned a quarter to the left. This is the face of a person in their thirties. bare-headed, short cropped hair, wearing a studded leather jerkin. Aspect ratio 2:3 (portrait).
人物図版	blackbriar-3	26	ブラック・ブライア家／イングン	IV 商業・名家	62×93mm	2:3	Copperplate engraving, line art only. Pure black ink on a plain white ground — no grey wash, no colour, no gradients. Tone is built solely from engraved hatching: parallel burin lines, cross-hatching at 54 degrees for the darker passages, a third pass at 108 degrees only for the darkest. Every line swells at its middle and tapers at both ends, as a burin cuts. No solid black areas — a copperplate has none. Light falls from the upper left in every plate. The density of the hatching is identical regardless of subject size. No lettering, no caption, no signature, no border, no frame, no vignette. Flat on the page, no paper texture, no ageing, no stains, no torn edges. A bust portrait, head and shoulders, cut off at the chest. Plain white ground behind. The face is fully drawn as a specific individual: eyes with visible irises and a defined direction of gaze, individual bone structure at the brow, nose and jaw, and a settled expression that reads as character rather than emotion. Age is rendered explicitly in the flesh — where the record notes an aged subject, the lines, hollows and slackness must be unmistakable. Subject: a Nord of the northern province, slight build, turned in profile to the left. This is the face of a person in their twenties. bare-headed, long hair falling past the shoulders, wearing a heavy wool robe. Holding a small glass phial, small, at the lower edge. Aspect ratio 2:3 (portrait).
主図版	silverblood	27	シルバー・ブラッド家	IV 商業・名家	174×139.2mm	5:4	Copperplate engraving, line art only. Pure black ink on a plain white ground — no grey wash, no colour, no gradients. Tone is built solely from engraved hatching: parallel burin lines, cross-hatching at 54 degrees for the darker passages, a third pass at 108 degrees only for the darkest. Every line swells at its middle and tapers at both ends, as a burin cuts. No solid black areas — a copperplate has none. Light falls from the upper left in every plate. The density of the hatching is identical regardless of subject size. No lettering, no caption, no signature, no border, no frame, no vignette. Flat on the page, no paper texture, no ageing, no stains, no torn edges. A single architectural or landscape scene, viewed from a fixed middle distance. Horizon low. The structure occupies the middle third of the height. Human figures, where present, are small and unindividuated — they establish scale, nothing more. Subject: The mouth of a mine shaft in a cliff face, with a guarded gate. Setting: a cold northern province — conifer forest, snow, stone and timber. Aspect ratio 5:4 (landscape).
人物図版	silverblood-1	27	シルバー・ブラッド家／トンギヴァー	IV 商業・名家	62×93mm	2:3	Copperplate engraving, line art only. Pure black ink on a plain white ground — no grey wash, no colour, no gradients. Tone is built solely from engraved hatching: parallel burin lines, cross-hatching at 54 degrees for the darker passages, a third pass at 108 degrees only for the darkest. Every line swells at its middle and tapers at both ends, as a burin cuts. No solid black areas — a copperplate has none. Light falls from the upper left in every plate. The density of the hatching is identical regardless of subject size. No lettering, no caption, no signature, no border, no frame, no vignette. Flat on the page, no paper texture, no ageing, no stains, no torn edges. A bust portrait, head and shoulders, cut off at the chest. Plain white ground behind. The face is fully drawn as a specific individual: eyes with visible irises and a defined direction of gaze, individual bone structure at the brow, nose and jaw, and a settled expression that reads as character rather than emotion. Age is rendered explicitly in the flesh — where the record notes an aged subject, the lines, hollows and slackness must be unmistakable. Subject: a Nord of the northern province, broad, heavy build, facing the viewer squarely. This is the face of a person past sixty. a thin metal circlet, short cropped hair, wearing a heavy wool robe. Aspect ratio 2:3 (portrait).
人物図版	silverblood-2	27	シルバー・ブラッド家／ソンギヴァー	IV 商業・名家	62×93mm	2:3	Copperplate engraving, line art only. Pure black ink on a plain white ground — no grey wash, no colour, no gradients. Tone is built solely from engraved hatching: parallel burin lines, cross-hatching at 54 degrees for the darker passages, a third pass at 108 degrees only for the darkest. Every line swells at its middle and tapers at both ends, as a burin cuts. No solid black areas — a copperplate has none. Light falls from the upper left in every plate. The density of the hatching is identical regardless of subject size. No lettering, no caption, no signature, no border, no frame, no vignette. Flat on the page, no paper texture, no ageing, no stains, no torn edges. A bust portrait, head and shoulders, cut off at the chest. Plain white ground behind. The face is fully drawn as a specific individual: eyes with visible irises and a defined direction of gaze, individual bone structure at the brow, nose and jaw, and a settled expression that reads as character rather than emotion. Age is rendered explicitly in the flesh — where the record notes an aged subject, the lines, hollows and slackness must be unmistakable. Subject: a Nord of the northern province, ordinary build, turned a quarter to the left. This is the face of a person in their fifties. bare-headed, short cropped hair, wearing a studded leather jerkin. a scar across one cheek. Aspect ratio 2:3 (portrait).
人物図版	silverblood-3	27	シルバー・ブラッド家／ベトリッド	IV 商業・名家	62×93mm	2:3	Copperplate engraving, line art only. Pure black ink on a plain white ground — no grey wash, no colour, no gradients. Tone is built solely from engraved hatching: parallel burin lines, cross-hatching at 54 degrees for the darker passages, a third pass at 108 degrees only for the darkest. Every line swells at its middle and tapers at both ends, as a burin cuts. No solid black areas — a copperplate has none. Light falls from the upper left in every plate. The density of the hatching is identical regardless of subject size. No lettering, no caption, no signature, no border, no frame, no vignette. Flat on the page, no paper texture, no ageing, no stains, no torn edges. A bust portrait, head and shoulders, cut off at the chest. Plain white ground behind. The face is fully drawn as a specific individual: eyes with visible irises and a defined direction of gaze, individual bone structure at the brow, nose and jaw, and a settled expression that reads as character rather than emotion. Age is rendered explicitly in the flesh — where the record notes an aged subject, the lines, hollows and slackness must be unmistakable. Subject: a Nord of the northern province, slight build, turned in profile to the left. This is the face of a person in their fifties. a thin metal circlet, long hair falling past the shoulders, wearing a heavy wool robe. Holding a large iron key, small, at the lower edge. Aspect ratio 2:3 (portrait).
主図版	battleborn	28	バトル・ボーン家	IV 商業・名家	174×139.2mm	5:4	Copperplate engraving, line art only. Pure black ink on a plain white ground — no grey wash, no colour, no gradients. Tone is built solely from engraved hatching: parallel burin lines, cross-hatching at 54 degrees for the darker passages, a third pass at 108 degrees only for the darkest. Every line swells at its middle and tapers at both ends, as a burin cuts. No solid black areas — a copperplate has none. Light falls from the upper left in every plate. The density of the hatching is identical regardless of subject size. No lettering, no caption, no signature, no border, no frame, no vignette. Flat on the page, no paper texture, no ageing, no stains, no torn edges. A single architectural or landscape scene, viewed from a fixed middle distance. Horizon low. The structure occupies the middle third of the height. Human figures, where present, are small and unindividuated — they establish scale, nothing more. Subject: A stone townhouse on a market square, its door opening straight onto the street. Setting: a cold northern province — conifer forest, snow, stone and timber. Aspect ratio 5:4 (landscape).
人物図版	battleborn-1	28	バトル・ボーン家／オルフリド	IV 商業・名家	62×93mm	2:3	Copperplate engraving, line art only. Pure black ink on a plain white ground — no grey wash, no colour, no gradients. Tone is built solely from engraved hatching: parallel burin lines, cross-hatching at 54 degrees for the darker passages, a third pass at 108 degrees only for the darkest. Every line swells at its middle and tapers at both ends, as a burin cuts. No solid black areas — a copperplate has none. Light falls from the upper left in every plate. The density of the hatching is identical regardless of subject size. No lettering, no caption, no signature, no border, no frame, no vignette. Flat on the page, no paper texture, no ageing, no stains, no torn edges. A bust portrait, head and shoulders, cut off at the chest. Plain white ground behind. The face is fully drawn as a specific individual: eyes with visible irises and a defined direction of gaze, individual bone structure at the brow, nose and jaw, and a settled expression that reads as character rather than emotion. Age is rendered explicitly in the flesh — where the record notes an aged subject, the lines, hollows and slackness must be unmistakable. Subject: a Nord of the northern province, ordinary build, facing the viewer squarely. This is the face of a person past sixty. bare-headed, short cropped hair, wearing a heavy wool robe. Aspect ratio 2:3 (portrait).
人物図版	battleborn-2	28	バトル・ボーン家／イドルフ	IV 商業・名家	62×93mm	2:3	Copperplate engraving, line art only. Pure black ink on a plain white ground — no grey wash, no colour, no gradients. Tone is built solely from engraved hatching: parallel burin lines, cross-hatching at 54 degrees for the darker passages, a third pass at 108 degrees only for the darkest. Every line swells at its middle and tapers at both ends, as a burin cuts. No solid black areas — a copperplate has none. Light falls from the upper left in every plate. The density of the hatching is identical regardless of subject size. No lettering, no caption, no signature, no border, no frame, no vignette. Flat on the page, no paper texture, no ageing, no stains, no torn edges. A bust portrait, head and shoulders, cut off at the chest. Plain white ground behind. The face is fully drawn as a specific individual: eyes with visible irises and a defined direction of gaze, individual bone structure at the brow, nose and jaw, and a settled expression that reads as character rather than emotion. Age is rendered explicitly in the flesh — where the record notes an aged subject, the lines, hollows and slackness must be unmistakable. Subject: a Nord of the northern province, broad, heavy build, turned a quarter to the left. This is the face of a person in their thirties. bare-headed, short cropped hair, wearing a mail shirt. Holding a straight sword held upright before the chest, small, at the lower edge. Aspect ratio 2:3 (portrait).
人物図版	battleborn-3	28	バトル・ボーン家／オルフィナ	IV 商業・名家	62×93mm	2:3	Copperplate engraving, line art only. Pure black ink on a plain white ground — no grey wash, no colour, no gradients. Tone is built solely from engraved hatching: parallel burin lines, cross-hatching at 54 degrees for the darker passages, a third pass at 108 degrees only for the darkest. Every line swells at its middle and tapers at both ends, as a burin cuts. No solid black areas — a copperplate has none. Light falls from the upper left in every plate. The density of the hatching is identical regardless of subject size. No lettering, no caption, no signature, no border, no frame, no vignette. Flat on the page, no paper texture, no ageing, no stains, no torn edges. A bust portrait, head and shoulders, cut off at the chest. Plain white ground behind. The face is fully drawn as a specific individual: eyes with visible irises and a defined direction of gaze, individual bone structure at the brow, nose and jaw, and a settled expression that reads as character rather than emotion. Age is rendered explicitly in the flesh — where the record notes an aged subject, the lines, hollows and slackness must be unmistakable. Subject: a Nord of the northern province, slight build, turned in profile to the left. This is the face of a person in their twenties. bare-headed, long hair falling past the shoulders, wearing a heavy wool robe. Aspect ratio 2:3 (portrait).
主図版	graymane	29	グレイ・メーン家	IV 商業・名家	174×139.2mm	5:4	Copperplate engraving, line art only. Pure black ink on a plain white ground — no grey wash, no colour, no gradients. Tone is built solely from engraved hatching: parallel burin lines, cross-hatching at 54 degrees for the darker passages, a third pass at 108 degrees only for the darkest. Every line swells at its middle and tapers at both ends, as a burin cuts. No solid black areas — a copperplate has none. Light falls from the upper left in every plate. The density of the hatching is identical regardless of subject size. No lettering, no caption, no signature, no border, no frame, no vignette. Flat on the page, no paper texture, no ageing, no stains, no torn edges. A single architectural or landscape scene, viewed from a fixed middle distance. Horizon low. The structure occupies the middle third of the height. Human figures, where present, are small and unindividuated — they establish scale, nothing more. Subject: A timber house in a poorer city quarter, a forge chimney beyond it. Setting: a cold northern province — conifer forest, snow, stone and timber. Aspect ratio 5:4 (landscape).
人物図版	graymane-1	29	グレイ・メーン家／エオルンド	IV 商業・名家	62×93mm	2:3	Copperplate engraving, line art only. Pure black ink on a plain white ground — no grey wash, no colour, no gradients. Tone is built solely from engraved hatching: parallel burin lines, cross-hatching at 54 degrees for the darker passages, a third pass at 108 degrees only for the darkest. Every line swells at its middle and tapers at both ends, as a burin cuts. No solid black areas — a copperplate has none. Light falls from the upper left in every plate. The density of the hatching is identical regardless of subject size. No lettering, no caption, no signature, no border, no frame, no vignette. Flat on the page, no paper texture, no ageing, no stains, no torn edges. A bust portrait, head and shoulders, cut off at the chest. Plain white ground behind. The face is fully drawn as a specific individual: eyes with visible irises and a defined direction of gaze, individual bone structure at the brow, nose and jaw, and a settled expression that reads as character rather than emotion. Age is rendered explicitly in the flesh — where the record notes an aged subject, the lines, hollows and slackness must be unmistakable. Subject: a Nord of the northern province, broad, heavy build, facing the viewer squarely. This is the face of a person past sixty. bare-headed, long hair falling past the shoulders, wearing a smith's leather apron. Aspect ratio 2:3 (portrait).
人物図版	graymane-2	29	グレイ・メーン家／フラルディア	IV 商業・名家	62×93mm	2:3	Copperplate engraving, line art only. Pure black ink on a plain white ground — no grey wash, no colour, no gradients. Tone is built solely from engraved hatching: parallel burin lines, cross-hatching at 54 degrees for the darker passages, a third pass at 108 degrees only for the darkest. Every line swells at its middle and tapers at both ends, as a burin cuts. No solid black areas — a copperplate has none. Light falls from the upper left in every plate. The density of the hatching is identical regardless of subject size. No lettering, no caption, no signature, no border, no frame, no vignette. Flat on the page, no paper texture, no ageing, no stains, no torn edges. A bust portrait, head and shoulders, cut off at the chest. Plain white ground behind. The face is fully drawn as a specific individual: eyes with visible irises and a defined direction of gaze, individual bone structure at the brow, nose and jaw, and a settled expression that reads as character rather than emotion. Age is rendered explicitly in the flesh — where the record notes an aged subject, the lines, hollows and slackness must be unmistakable. Subject: a Nord of the northern province, ordinary build, turned a quarter to the left. This is the face of a person in their fifties. bare-headed, long hair falling past the shoulders, wearing a heavy wool robe. Aspect ratio 2:3 (portrait).
人物図版	graymane-3	29	グレイ・メーン家／ヴィグナル	IV 商業・名家	62×93mm	2:3	Copperplate engraving, line art only. Pure black ink on a plain white ground — no grey wash, no colour, no gradients. Tone is built solely from engraved hatching: parallel burin lines, cross-hatching at 54 degrees for the darker passages, a third pass at 108 degrees only for the darkest. Every line swells at its middle and tapers at both ends, as a burin cuts. No solid black areas — a copperplate has none. Light falls from the upper left in every plate. The density of the hatching is identical regardless of subject size. No lettering, no caption, no signature, no border, no frame, no vignette. Flat on the page, no paper texture, no ageing, no stains, no torn edges. A bust portrait, head and shoulders, cut off at the chest. Plain white ground behind. The face is fully drawn as a specific individual: eyes with visible irises and a defined direction of gaze, individual bone structure at the brow, nose and jaw, and a settled expression that reads as character rather than emotion. Age is rendered explicitly in the flesh — where the record notes an aged subject, the lines, hollows and slackness must be unmistakable. Subject: a Nord of the northern province, ordinary build, head slightly bowed. This is the face of a person past seventy. bare-headed, long hair falling past the shoulders, wearing a fur mantle over the shoulders. Aspect ratio 2:3 (portrait).
主図版	ninedivines	30	九大神聖堂	V 宗教・信仰	174×139.2mm	5:4	Copperplate engraving, line art only. Pure black ink on a plain white ground — no grey wash, no colour, no gradients. Tone is built solely from engraved hatching: parallel burin lines, cross-hatching at 54 degrees for the darker passages, a third pass at 108 degrees only for the darkest. Every line swells at its middle and tapers at both ends, as a burin cuts. No solid black areas — a copperplate has none. Light falls from the upper left in every plate. The density of the hatching is identical regardless of subject size. No lettering, no caption, no signature, no border, no frame, no vignette. Flat on the page, no paper texture, no ageing, no stains, no torn edges. A single architectural or landscape scene, viewed from a fixed middle distance. Horizon low. The structure occupies the middle third of the height. Human figures, where present, are small and unindividuated — they establish scale, nothing more. Subject: The interior of a temple; nine altars along the wall, the ninth bare and empty. Setting: a cold northern province — conifer forest, snow, stone and timber. Aspect ratio 5:4 (landscape).
人物図版	ninedivines-1	30	九大神聖堂／ルーンディル	V 宗教・信仰	62×93mm	2:3	Copperplate engraving, line art only. Pure black ink on a plain white ground — no grey wash, no colour, no gradients. Tone is built solely from engraved hatching: parallel burin lines, cross-hatching at 54 degrees for the darker passages, a third pass at 108 degrees only for the darkest. Every line swells at its middle and tapers at both ends, as a burin cuts. No solid black areas — a copperplate has none. Light falls from the upper left in every plate. The density of the hatching is identical regardless of subject size. No lettering, no caption, no signature, no border, no frame, no vignette. Flat on the page, no paper texture, no ageing, no stains, no torn edges. A bust portrait, head and shoulders, cut off at the chest. Plain white ground behind. The face is fully drawn as a specific individual: eyes with visible irises and a defined direction of gaze, individual bone structure at the brow, nose and jaw, and a settled expression that reads as character rather than emotion. Age is rendered explicitly in the flesh — where the record notes an aged subject, the lines, hollows and slackness must be unmistakable. Subject: a Nord of the northern province, ordinary build, facing the viewer squarely. This is the face of a person past sixty. a close cowl, no visible hair, wearing a heavy wool robe. Aspect ratio 2:3 (portrait).
人物図版	ninedivines-2	30	九大神聖堂／エリシフ	V 宗教・信仰	62×93mm	2:3	Copperplate engraving, line art only. Pure black ink on a plain white ground — no grey wash, no colour, no gradients. Tone is built solely from engraved hatching: parallel burin lines, cross-hatching at 54 degrees for the darker passages, a third pass at 108 degrees only for the darkest. Every line swells at its middle and tapers at both ends, as a burin cuts. No solid black areas — a copperplate has none. Light falls from the upper left in every plate. The density of the hatching is identical regardless of subject size. No lettering, no caption, no signature, no border, no frame, no vignette. Flat on the page, no paper texture, no ageing, no stains, no torn edges. A bust portrait, head and shoulders, cut off at the chest. Plain white ground behind. The face is fully drawn as a specific individual: eyes with visible irises and a defined direction of gaze, individual bone structure at the brow, nose and jaw, and a settled expression that reads as character rather than emotion. Age is rendered explicitly in the flesh — where the record notes an aged subject, the lines, hollows and slackness must be unmistakable. Subject: a Nord of the northern province, slight build, turned a quarter to the left. This is the face of a person in their twenties. a thin metal circlet, long hair falling past the shoulders, wearing a heavy wool robe. Holding a chalice, small, at the lower edge. Aspect ratio 2:3 (portrait).
人物図版	ninedivines-3	30	九大神聖堂／マラモール	V 宗教・信仰	62×93mm	2:3	Copperplate engraving, line art only. Pure black ink on a plain white ground — no grey wash, no colour, no gradients. Tone is built solely from engraved hatching: parallel burin lines, cross-hatching at 54 degrees for the darker passages, a third pass at 108 degrees only for the darkest. Every line swells at its middle and tapers at both ends, as a burin cuts. No solid black areas — a copperplate has none. Light falls from the upper left in every plate. The density of the hatching is identical regardless of subject size. No lettering, no caption, no signature, no border, no frame, no vignette. Flat on the page, no paper texture, no ageing, no stains, no torn edges. A bust portrait, head and shoulders, cut off at the chest. Plain white ground behind. The face is fully drawn as a specific individual: eyes with visible irises and a defined direction of gaze, individual bone structure at the brow, nose and jaw, and a settled expression that reads as character rather than emotion. Age is rendered explicitly in the flesh — where the record notes an aged subject, the lines, hollows and slackness must be unmistakable. Subject: a human of the Imperial provinces, ordinary build, turned in profile to the left. This is the face of a person in their forties. a close cowl, no visible hair, wearing a heavy wool robe. Aspect ratio 2:3 (portrait).
主図版	auriel	31	アーリエルの聖堂	V 宗教・信仰	174×139.2mm	5:4	Copperplate engraving, line art only. Pure black ink on a plain white ground — no grey wash, no colour, no gradients. Tone is built solely from engraved hatching: parallel burin lines, cross-hatching at 54 degrees for the darker passages, a third pass at 108 degrees only for the darkest. Every line swells at its middle and tapers at both ends, as a burin cuts. No solid black areas — a copperplate has none. Light falls from the upper left in every plate. The density of the hatching is identical regardless of subject size. No lettering, no caption, no signature, no border, no frame, no vignette. Flat on the page, no paper texture, no ageing, no stains, no torn edges. A single architectural or landscape scene, viewed from a fixed middle distance. Horizon low. The structure occupies the middle third of the height. Human figures, where present, are small and unindividuated — they establish scale, nothing more. Subject: A shrine in a glacial valley, mostly buried in ice, only part of its entrance visible. No human figures at all. The absence is deliberate. Setting: a cold northern province — conifer forest, snow, stone and timber. Aspect ratio 5:4 (landscape).
人物図版	auriel-1	31	アーリエルの聖堂／ゲルミール	V 宗教・信仰	62×93mm	2:3	Copperplate engraving, line art only. Pure black ink on a plain white ground — no grey wash, no colour, no gradients. Tone is built solely from engraved hatching: parallel burin lines, cross-hatching at 54 degrees for the darker passages, a third pass at 108 degrees only for the darkest. Every line swells at its middle and tapers at both ends, as a burin cuts. No solid black areas — a copperplate has none. Light falls from the upper left in every plate. The density of the hatching is identical regardless of subject size. No lettering, no caption, no signature, no border, no frame, no vignette. Flat on the page, no paper texture, no ageing, no stains, no torn edges. A bust portrait, head and shoulders, cut off at the chest. Plain white ground behind. The face is fully drawn as a specific individual: eyes with visible irises and a defined direction of gaze, individual bone structure at the brow, nose and jaw, and a settled expression that reads as character rather than emotion. Age is rendered explicitly in the flesh — where the record notes an aged subject, the lines, hollows and slackness must be unmistakable. Subject: a tall elf with long pointed ears, ordinary build, facing the viewer squarely. This is the face of a person past seventy. a plain iron helm, no visible hair, wearing plate armour over a gambeson. Holding a bow, small, at the lower edge. Aspect ratio 2:3 (portrait).
人物図版	auriel-2	31	アーリエルの聖堂／ヴィルスール	V 宗教・信仰	62×93mm	2:3	Copperplate engraving, line art only. Pure black ink on a plain white ground — no grey wash, no colour, no gradients. Tone is built solely from engraved hatching: parallel burin lines, cross-hatching at 54 degrees for the darker passages, a third pass at 108 degrees only for the darkest. Every line swells at its middle and tapers at both ends, as a burin cuts. No solid black areas — a copperplate has none. Light falls from the upper left in every plate. The density of the hatching is identical regardless of subject size. No lettering, no caption, no signature, no border, no frame, no vignette. Flat on the page, no paper texture, no ageing, no stains, no torn edges. A bust portrait, head and shoulders, cut off at the chest. Plain white ground behind. The face is fully drawn as a specific individual: eyes with visible irises and a defined direction of gaze, individual bone structure at the brow, nose and jaw, and a settled expression that reads as character rather than emotion. Age is rendered explicitly in the flesh — where the record notes an aged subject, the lines, hollows and slackness must be unmistakable. Subject: a tall elf with long pointed ears, slight build, head slightly bowed. This is the face of a person past seventy. a thin metal circlet, no visible hair, wearing a heavy wool robe. Holding a chalice, small, at the lower edge. Aspect ratio 2:3 (portrait).
人物図版	auriel-3	31	アーリエルの聖堂／巡礼者	V 宗教・信仰	62×93mm	2:3	Copperplate engraving, line art only. Pure black ink on a plain white ground — no grey wash, no colour, no gradients. Tone is built solely from engraved hatching: parallel burin lines, cross-hatching at 54 degrees for the darker passages, a third pass at 108 degrees only for the darkest. Every line swells at its middle and tapers at both ends, as a burin cuts. No solid black areas — a copperplate has none. Light falls from the upper left in every plate. The density of the hatching is identical regardless of subject size. No lettering, no caption, no signature, no border, no frame, no vignette. Flat on the page, no paper texture, no ageing, no stains, no torn edges. A bust portrait, head and shoulders, cut off at the chest. Plain white ground behind. The face is fully drawn as a specific individual: eyes with visible irises and a defined direction of gaze, individual bone structure at the brow, nose and jaw, and a settled expression that reads as character rather than emotion. Age is rendered explicitly in the flesh — where the record notes an aged subject, the lines, hollows and slackness must be unmistakable. Subject: a tall elf with long pointed ears, slight build, turned in profile to the left. This is the face of a person past sixty. a deep cloth hood, no visible hair, wearing a heavy wool robe. Holding a lit candle, small, at the lower edge. Aspect ratio 2:3 (portrait).
主図版	moth	32	モスプリースト	V 宗教・信仰	174×139.2mm	5:4	Copperplate engraving, line art only. Pure black ink on a plain white ground — no grey wash, no colour, no gradients. Tone is built solely from engraved hatching: parallel burin lines, cross-hatching at 54 degrees for the darker passages, a third pass at 108 degrees only for the darkest. Every line swells at its middle and tapers at both ends, as a burin cuts. No solid black areas — a copperplate has none. Light falls from the upper left in every plate. The density of the hatching is identical regardless of subject size. No lettering, no caption, no signature, no border, no frame, no vignette. Flat on the page, no paper texture, no ageing, no stains, no torn edges. A single architectural or landscape scene, viewed from a fixed middle distance. Horizon low. The structure occupies the middle third of the height. Human figures, where present, are small and unindividuated — they establish scale, nothing more. Subject: A scriptorium with its windows bricked up, lit by candles; reading desks in rows. Setting: a cold northern province — conifer forest, snow, stone and timber. Aspect ratio 5:4 (landscape).
人物図版	moth-1	32	モスプリースト／デクスィオン	V 宗教・信仰	62×93mm	2:3	Copperplate engraving, line art only. Pure black ink on a plain white ground — no grey wash, no colour, no gradients. Tone is built solely from engraved hatching: parallel burin lines, cross-hatching at 54 degrees for the darker passages, a third pass at 108 degrees only for the darkest. Every line swells at its middle and tapers at both ends, as a burin cuts. No solid black areas — a copperplate has none. Light falls from the upper left in every plate. The density of the hatching is identical regardless of subject size. No lettering, no caption, no signature, no border, no frame, no vignette. Flat on the page, no paper texture, no ageing, no stains, no torn edges. A bust portrait, head and shoulders, cut off at the chest. Plain white ground behind. The face is fully drawn as a specific individual: eyes with visible irises and a defined direction of gaze, individual bone structure at the brow, nose and jaw, and a settled expression that reads as character rather than emotion. Age is rendered explicitly in the flesh — where the record notes an aged subject, the lines, hollows and slackness must be unmistakable. Subject: a human of the Imperial provinces, ordinary build, facing the viewer squarely. This is the face of a person in their fifties. a deep cloth hood, no visible hair, wearing a heavy wool robe. a leather patch over one eye. Holding a stone tablet, small, at the lower edge. Aspect ratio 2:3 (portrait).
人物図版	moth-2	32	モスプリースト／先任の解読僧	V 宗教・信仰	62×93mm	2:3	Copperplate engraving, line art only. Pure black ink on a plain white ground — no grey wash, no colour, no gradients. Tone is built solely from engraved hatching: parallel burin lines, cross-hatching at 54 degrees for the darker passages, a third pass at 108 degrees only for the darkest. Every line swells at its middle and tapers at both ends, as a burin cuts. No solid black areas — a copperplate has none. Light falls from the upper left in every plate. The density of the hatching is identical regardless of subject size. No lettering, no caption, no signature, no border, no frame, no vignette. Flat on the page, no paper texture, no ageing, no stains, no torn edges. A bust portrait, head and shoulders, cut off at the chest. Plain white ground behind. The face is fully drawn as a specific individual: eyes with visible irises and a defined direction of gaze, individual bone structure at the brow, nose and jaw, and a settled expression that reads as character rather than emotion. Age is rendered explicitly in the flesh — where the record notes an aged subject, the lines, hollows and slackness must be unmistakable. Subject: a human of the Imperial provinces, slight build, head slightly bowed. This is the face of a person past seventy. a deep cloth hood, no visible hair, wearing a heavy wool robe. a leather patch over one eye. Holding a rolled scroll, small, at the lower edge. Aspect ratio 2:3 (portrait).
人物図版	moth-3	32	モスプリースト／写字僧	V 宗教・信仰	62×93mm	2:3	Copperplate engraving, line art only. Pure black ink on a plain white ground — no grey wash, no colour, no gradients. Tone is built solely from engraved hatching: parallel burin lines, cross-hatching at 54 degrees for the darker passages, a third pass at 108 degrees only for the darkest. Every line swells at its middle and tapers at both ends, as a burin cuts. No solid black areas — a copperplate has none. Light falls from the upper left in every plate. The density of the hatching is identical regardless of subject size. No lettering, no caption, no signature, no border, no frame, no vignette. Flat on the page, no paper texture, no ageing, no stains, no torn edges. A bust portrait, head and shoulders, cut off at the chest. Plain white ground behind. The face is fully drawn as a specific individual: eyes with visible irises and a defined direction of gaze, individual bone structure at the brow, nose and jaw, and a settled expression that reads as character rather than emotion. Age is rendered explicitly in the flesh — where the record notes an aged subject, the lines, hollows and slackness must be unmistakable. Subject: a human of the Imperial provinces, ordinary build, turned a quarter to the left. This is the face of a person in their forties. a close cowl, no visible hair, wearing a heavy wool robe. Holding a quill pen, small, at the lower edge. Aspect ratio 2:3 (portrait).
主図版	tribunal	33	トリビュナル寺院	V 宗教・信仰	174×139.2mm	5:4	Copperplate engraving, line art only. Pure black ink on a plain white ground — no grey wash, no colour, no gradients. Tone is built solely from engraved hatching: parallel burin lines, cross-hatching at 54 degrees for the darker passages, a third pass at 108 degrees only for the darkest. Every line swells at its middle and tapers at both ends, as a burin cuts. No solid black areas — a copperplate has none. Light falls from the upper left in every plate. The density of the hatching is identical regardless of subject size. No lettering, no caption, no signature, no border, no frame, no vignette. Flat on the page, no paper texture, no ageing, no stains, no torn edges. A single architectural or landscape scene, viewed from a fixed middle distance. Horizon low. The structure occupies the middle third of the height. Human figures, where present, are small and unindividuated — they establish scale, nothing more. Subject: A temple sanctuary with three altars still standing. No human figures at all. The absence is deliberate. Setting: a cold northern province — conifer forest, snow, stone and timber. Aspect ratio 5:4 (landscape).
人物図版	tribunal-1	33	トリビュナル寺院／ヴィベク	V 宗教・信仰	62×93mm	2:3	Copperplate engraving, line art only. Pure black ink on a plain white ground — no grey wash, no colour, no gradients. Tone is built solely from engraved hatching: parallel burin lines, cross-hatching at 54 degrees for the darker passages, a third pass at 108 degrees only for the darkest. Every line swells at its middle and tapers at both ends, as a burin cuts. No solid black areas — a copperplate has none. Light falls from the upper left in every plate. The density of the hatching is identical regardless of subject size. No lettering, no caption, no signature, no border, no frame, no vignette. Flat on the page, no paper texture, no ageing, no stains, no torn edges. A bust portrait, head and shoulders, cut off at the chest. Plain white ground behind. The face is fully drawn as a specific individual: eyes with visible irises and a defined direction of gaze, individual bone structure at the brow, nose and jaw, and a settled expression that reads as character rather than emotion. Age is rendered explicitly in the flesh — where the record notes an aged subject, the lines, hollows and slackness must be unmistakable. Subject: a tall elf with long pointed ears, slight build, turned a quarter to the left. This is the face of a person in their fifties. a thin metal circlet, long hair falling past the shoulders, wearing a heavy wool robe. Holding a spear, small, at the lower edge. Aspect ratio 2:3 (portrait).
人物図版	tribunal-2	33	トリビュナル寺院／アルマレクシア	V 宗教・信仰	62×93mm	2:3	Copperplate engraving, line art only. Pure black ink on a plain white ground — no grey wash, no colour, no gradients. Tone is built solely from engraved hatching: parallel burin lines, cross-hatching at 54 degrees for the darker passages, a third pass at 108 degrees only for the darkest. Every line swells at its middle and tapers at both ends, as a burin cuts. No solid black areas — a copperplate has none. Light falls from the upper left in every plate. The density of the hatching is identical regardless of subject size. No lettering, no caption, no signature, no border, no frame, no vignette. Flat on the page, no paper texture, no ageing, no stains, no torn edges. A bust portrait, head and shoulders, cut off at the chest. Plain white ground behind. The face is fully drawn as a specific individual: eyes with visible irises and a defined direction of gaze, individual bone structure at the brow, nose and jaw, and a settled expression that reads as character rather than emotion. Age is rendered explicitly in the flesh — where the record notes an aged subject, the lines, hollows and slackness must be unmistakable. Subject: a tall elf with long pointed ears, slight build, facing the viewer squarely. This is the face of a person in their fifties. a thin metal circlet, long hair falling past the shoulders, wearing a heavy wool robe. Holding a chalice, small, at the lower edge. Aspect ratio 2:3 (portrait).
人物図版	tribunal-3	33	トリビュナル寺院／ソーサ・シル	V 宗教・信仰	62×93mm	2:3	Copperplate engraving, line art only. Pure black ink on a plain white ground — no grey wash, no colour, no gradients. Tone is built solely from engraved hatching: parallel burin lines, cross-hatching at 54 degrees for the darker passages, a third pass at 108 degrees only for the darkest. Every line swells at its middle and tapers at both ends, as a burin cuts. No solid black areas — a copperplate has none. Light falls from the upper left in every plate. The density of the hatching is identical regardless of subject size. No lettering, no caption, no signature, no border, no frame, no vignette. Flat on the page, no paper texture, no ageing, no stains, no torn edges. A bust portrait, head and shoulders, cut off at the chest. Plain white ground behind. The face is fully drawn as a specific individual: eyes with visible irises and a defined direction of gaze, individual bone structure at the brow, nose and jaw, and a settled expression that reads as character rather than emotion. Age is rendered explicitly in the flesh — where the record notes an aged subject, the lines, hollows and slackness must be unmistakable. Subject: a tall elf with long pointed ears, slight build, head slightly bowed. This is the face of a person in their fifties. bare-headed, no visible hair, wearing a heavy wool robe. Aspect ratio 2:3 (portrait).
主図版	namira	34	ナミラ信者	VI 秘教・カルト	174×139.2mm	5:4	Copperplate engraving, line art only. Pure black ink on a plain white ground — no grey wash, no colour, no gradients. Tone is built solely from engraved hatching: parallel burin lines, cross-hatching at 54 degrees for the darker passages, a third pass at 108 degrees only for the darkest. Every line swells at its middle and tapers at both ends, as a burin cuts. No solid black areas — a copperplate has none. Light falls from the upper left in every plate. The density of the hatching is identical regardless of subject size. No lettering, no caption, no signature, no border, no frame, no vignette. Flat on the page, no paper texture, no ageing, no stains, no torn edges. A single architectural or landscape scene, viewed from a fixed middle distance. Horizon low. The structure occupies the middle third of the height. Human figures, where present, are small and unindividuated — they establish scale, nothing more. Subject: A cave beneath a shrine, reached by a stair. Night. The sky is worked up with dense hatching; the ground stays light. Setting: a cold northern province — conifer forest, snow, stone and timber. Aspect ratio 5:4 (landscape).
人物図版	namira-1	34	ナミラ信者／エオラ	VI 秘教・カルト	62×93mm	2:3	Copperplate engraving, line art only. Pure black ink on a plain white ground — no grey wash, no colour, no gradients. Tone is built solely from engraved hatching: parallel burin lines, cross-hatching at 54 degrees for the darker passages, a third pass at 108 degrees only for the darkest. Every line swells at its middle and tapers at both ends, as a burin cuts. No solid black areas — a copperplate has none. Light falls from the upper left in every plate. The density of the hatching is identical regardless of subject size. No lettering, no caption, no signature, no border, no frame, no vignette. Flat on the page, no paper texture, no ageing, no stains, no torn edges. A bust portrait, head and shoulders, cut off at the chest. Plain white ground behind. The face is fully drawn as a specific individual: eyes with visible irises and a defined direction of gaze, individual bone structure at the brow, nose and jaw, and a settled expression that reads as character rather than emotion. Age is rendered explicitly in the flesh — where the record notes an aged subject, the lines, hollows and slackness must be unmistakable. Subject: a Nord of the northern province, slight build, facing the viewer squarely. This is the face of a person in their fifties. a deep cloth hood, no visible hair, wearing a heavy wool robe. Holding a chalice, small, at the lower edge. Aspect ratio 2:3 (portrait).
人物図版	namira-2	34	ナミラ信者／会衆の一人	VI 秘教・カルト	62×93mm	2:3	Copperplate engraving, line art only. Pure black ink on a plain white ground — no grey wash, no colour, no gradients. Tone is built solely from engraved hatching: parallel burin lines, cross-hatching at 54 degrees for the darker passages, a third pass at 108 degrees only for the darkest. Every line swells at its middle and tapers at both ends, as a burin cuts. No solid black areas — a copperplate has none. Light falls from the upper left in every plate. The density of the hatching is identical regardless of subject size. No lettering, no caption, no signature, no border, no frame, no vignette. Flat on the page, no paper texture, no ageing, no stains, no torn edges. A bust portrait, head and shoulders, cut off at the chest. Plain white ground behind. The face is fully drawn as a specific individual: eyes with visible irises and a defined direction of gaze, individual bone structure at the brow, nose and jaw, and a settled expression that reads as character rather than emotion. Age is rendered explicitly in the flesh — where the record notes an aged subject, the lines, hollows and slackness must be unmistakable. Subject: a human of the Imperial provinces, ordinary build, turned in profile to the left. This is the face of a person in their forties. a deep cloth hood, no visible hair, wearing a heavy wool robe. Aspect ratio 2:3 (portrait).
人物図版	namira-3	34	ナミラ信者／ヴェルルス	VI 秘教・カルト	62×93mm	2:3	Copperplate engraving, line art only. Pure black ink on a plain white ground — no grey wash, no colour, no gradients. Tone is built solely from engraved hatching: parallel burin lines, cross-hatching at 54 degrees for the darker passages, a third pass at 108 degrees only for the darkest. Every line swells at its middle and tapers at both ends, as a burin cuts. No solid black areas — a copperplate has none. Light falls from the upper left in every plate. The density of the hatching is identical regardless of subject size. No lettering, no caption, no signature, no border, no frame, no vignette. Flat on the page, no paper texture, no ageing, no stains, no torn edges. A bust portrait, head and shoulders, cut off at the chest. Plain white ground behind. The face is fully drawn as a specific individual: eyes with visible irises and a defined direction of gaze, individual bone structure at the brow, nose and jaw, and a settled expression that reads as character rather than emotion. Age is rendered explicitly in the flesh — where the record notes an aged subject, the lines, hollows and slackness must be unmistakable. Subject: a human of the Imperial provinces, ordinary build, head slightly bowed. This is the face of a person past sixty. a close cowl, no visible hair, wearing a heavy wool robe. Holding a lit candle, small, at the lower edge. Aspect ratio 2:3 (portrait).
主図版	miraak	35	ミラークのカルト	VI 秘教・カルト	174×139.2mm	5:4	Copperplate engraving, line art only. Pure black ink on a plain white ground — no grey wash, no colour, no gradients. Tone is built solely from engraved hatching: parallel burin lines, cross-hatching at 54 degrees for the darker passages, a third pass at 108 degrees only for the darkest. Every line swells at its middle and tapers at both ends, as a burin cuts. No solid black areas — a copperplate has none. Light falls from the upper left in every plate. The density of the hatching is identical regardless of subject size. No lettering, no caption, no signature, no border, no frame, no vignette. Flat on the page, no paper texture, no ageing, no stains, no torn edges. A single architectural or landscape scene, viewed from a fixed middle distance. Horizon low. The structure occupies the middle third of the height. Human figures, where present, are small and unindividuated — they establish scale, nothing more. Subject: A great stone seat on a windswept island, with heaps of quarried stone around it. Night. The sky is worked up with dense hatching; the ground stays light. Setting: a cold northern province — conifer forest, snow, stone and timber. Aspect ratio 5:4 (landscape).
人物図版	miraak-1	35	ミラークのカルト／ミラーク	VI 秘教・カルト	62×93mm	2:3	Copperplate engraving, line art only. Pure black ink on a plain white ground — no grey wash, no colour, no gradients. Tone is built solely from engraved hatching: parallel burin lines, cross-hatching at 54 degrees for the darker passages, a third pass at 108 degrees only for the darkest. Every line swells at its middle and tapers at both ends, as a burin cuts. No solid black areas — a copperplate has none. Light falls from the upper left in every plate. The density of the hatching is identical regardless of subject size. No lettering, no caption, no signature, no border, no frame, no vignette. Flat on the page, no paper texture, no ageing, no stains, no torn edges. A bust portrait, head and shoulders, cut off at the chest. Plain white ground behind. The face is fully drawn as a specific individual: eyes with visible irises and a defined direction of gaze, individual bone structure at the brow, nose and jaw, and a settled expression that reads as character rather than emotion. Age is rendered explicitly in the flesh — where the record notes an aged subject, the lines, hollows and slackness must be unmistakable. Subject: a Nord of the northern province, ordinary build, facing the viewer squarely. This is the face of a person in their fifties. a horned iron helm, no visible hair, wearing a heavy wool robe. Aspect ratio 2:3 (portrait).
人物図版	miraak-2	35	ミラークのカルト／使徒	VI 秘教・カルト	62×93mm	2:3	Copperplate engraving, line art only. Pure black ink on a plain white ground — no grey wash, no colour, no gradients. Tone is built solely from engraved hatching: parallel burin lines, cross-hatching at 54 degrees for the darker passages, a third pass at 108 degrees only for the darkest. Every line swells at its middle and tapers at both ends, as a burin cuts. No solid black areas — a copperplate has none. Light falls from the upper left in every plate. The density of the hatching is identical regardless of subject size. No lettering, no caption, no signature, no border, no frame, no vignette. Flat on the page, no paper texture, no ageing, no stains, no torn edges. A bust portrait, head and shoulders, cut off at the chest. Plain white ground behind. The face is fully drawn as a specific individual: eyes with visible irises and a defined direction of gaze, individual bone structure at the brow, nose and jaw, and a settled expression that reads as character rather than emotion. Age is rendered explicitly in the flesh — where the record notes an aged subject, the lines, hollows and slackness must be unmistakable. Subject: a Nord of the northern province, broad, heavy build, turned a quarter to the left. This is the face of a person in their forties. a deep cloth hood, no visible hair, wearing a fur mantle over the shoulders. Aspect ratio 2:3 (portrait).
人物図版	miraak-3	35	ミラークのカルト／石工	VI 秘教・カルト	62×93mm	2:3	Copperplate engraving, line art only. Pure black ink on a plain white ground — no grey wash, no colour, no gradients. Tone is built solely from engraved hatching: parallel burin lines, cross-hatching at 54 degrees for the darker passages, a third pass at 108 degrees only for the darkest. Every line swells at its middle and tapers at both ends, as a burin cuts. No solid black areas — a copperplate has none. Light falls from the upper left in every plate. The density of the hatching is identical regardless of subject size. No lettering, no caption, no signature, no border, no frame, no vignette. Flat on the page, no paper texture, no ageing, no stains, no torn edges. A bust portrait, head and shoulders, cut off at the chest. Plain white ground behind. The face is fully drawn as a specific individual: eyes with visible irises and a defined direction of gaze, individual bone structure at the brow, nose and jaw, and a settled expression that reads as character rather than emotion. Age is rendered explicitly in the flesh — where the record notes an aged subject, the lines, hollows and slackness must be unmistakable. Subject: a Nord of the northern province, ordinary build, head slightly bowed. This is the face of a person in their thirties. bare-headed, short cropped hair, wearing a fur mantle over the shoulders. Aspect ratio 2:3 (portrait).
主図版	dragoncult	36	ドラゴン教団	VI 秘教・カルト	174×139.2mm	5:4	Copperplate engraving, line art only. Pure black ink on a plain white ground — no grey wash, no colour, no gradients. Tone is built solely from engraved hatching: parallel burin lines, cross-hatching at 54 degrees for the darker passages, a third pass at 108 degrees only for the darkest. Every line swells at its middle and tapers at both ends, as a burin cuts. No solid black areas — a copperplate has none. Light falls from the upper left in every plate. The density of the hatching is identical regardless of subject size. No lettering, no caption, no signature, no border, no frame, no vignette. Flat on the page, no paper texture, no ageing, no stains, no torn edges. A single architectural or landscape scene, viewed from a fixed middle distance. Horizon low. The structure occupies the middle third of the height. Human figures, where present, are small and unindividuated — they establish scale, nothing more. Subject: A barrow on high ground, its doorway carved with an unfamiliar script. Night. The sky is worked up with dense hatching; the ground stays light. No human figures at all. The absence is deliberate. Setting: a cold northern province — conifer forest, snow, stone and timber. Aspect ratio 5:4 (landscape).
人物図版	dragoncult-1	36	ドラゴン教団／クロシス	VI 秘教・カルト	62×93mm	2:3	Copperplate engraving, line art only. Pure black ink on a plain white ground — no grey wash, no colour, no gradients. Tone is built solely from engraved hatching: parallel burin lines, cross-hatching at 54 degrees for the darker passages, a third pass at 108 degrees only for the darkest. Every line swells at its middle and tapers at both ends, as a burin cuts. No solid black areas — a copperplate has none. Light falls from the upper left in every plate. The density of the hatching is identical regardless of subject size. No lettering, no caption, no signature, no border, no frame, no vignette. Flat on the page, no paper texture, no ageing, no stains, no torn edges. A bust portrait, head and shoulders, cut off at the chest. Plain white ground behind. The face is fully drawn as a specific individual: eyes with visible irises and a defined direction of gaze, individual bone structure at the brow, nose and jaw, and a settled expression that reads as character rather than emotion. Age is rendered explicitly in the flesh — where the record notes an aged subject, the lines, hollows and slackness must be unmistakable. Subject: a human of the Imperial provinces, slight build, facing the viewer squarely. a horned iron helm, no visible hair, wearing a heavy wool robe. Aspect ratio 2:3 (portrait).
人物図版	dragoncult-2	36	ドラゴン教団／モロキ	VI 秘教・カルト	62×93mm	2:3	Copperplate engraving, line art only. Pure black ink on a plain white ground — no grey wash, no colour, no gradients. Tone is built solely from engraved hatching: parallel burin lines, cross-hatching at 54 degrees for the darker passages, a third pass at 108 degrees only for the darkest. Every line swells at its middle and tapers at both ends, as a burin cuts. No solid black areas — a copperplate has none. Light falls from the upper left in every plate. The density of the hatching is identical regardless of subject size. No lettering, no caption, no signature, no border, no frame, no vignette. Flat on the page, no paper texture, no ageing, no stains, no torn edges. A bust portrait, head and shoulders, cut off at the chest. Plain white ground behind. The face is fully drawn as a specific individual: eyes with visible irises and a defined direction of gaze, individual bone structure at the brow, nose and jaw, and a settled expression that reads as character rather than emotion. Age is rendered explicitly in the flesh — where the record notes an aged subject, the lines, hollows and slackness must be unmistakable. Subject: a human of the Imperial provinces, ordinary build, turned a quarter to the left. a horned iron helm, no visible hair, wearing a heavy wool robe. Holding a wooden staff, small, at the lower edge. Aspect ratio 2:3 (portrait).
人物図版	dragoncult-3	36	ドラゴン教団／ヴォクン	VI 秘教・カルト	62×93mm	2:3	Copperplate engraving, line art only. Pure black ink on a plain white ground — no grey wash, no colour, no gradients. Tone is built solely from engraved hatching: parallel burin lines, cross-hatching at 54 degrees for the darker passages, a third pass at 108 degrees only for the darkest. Every line swells at its middle and tapers at both ends, as a burin cuts. No solid black areas — a copperplate has none. Light falls from the upper left in every plate. The density of the hatching is identical regardless of subject size. No lettering, no caption, no signature, no border, no frame, no vignette. Flat on the page, no paper texture, no ageing, no stains, no torn edges. A bust portrait, head and shoulders, cut off at the chest. Plain white ground behind. The face is fully drawn as a specific individual: eyes with visible irises and a defined direction of gaze, individual bone structure at the brow, nose and jaw, and a settled expression that reads as character rather than emotion. Age is rendered explicitly in the flesh — where the record notes an aged subject, the lines, hollows and slackness must be unmistakable. Subject: a human of the Imperial provinces, ordinary build, turned in profile to the left. a horned iron helm, no visible hair, wearing a heavy wool robe. Aspect ratio 2:3 (portrait).
主図版	glenmoril	37	グレンモリルの魔女	VI 秘教・カルト	174×139.2mm	5:4	Copperplate engraving, line art only. Pure black ink on a plain white ground — no grey wash, no colour, no gradients. Tone is built solely from engraved hatching: parallel burin lines, cross-hatching at 54 degrees for the darker passages, a third pass at 108 degrees only for the darkest. Every line swells at its middle and tapers at both ends, as a burin cuts. No solid black areas — a copperplate has none. Light falls from the upper left in every plate. The density of the hatching is identical regardless of subject size. No lettering, no caption, no signature, no border, no frame, no vignette. Flat on the page, no paper texture, no ageing, no stains, no torn edges. A single architectural or landscape scene, viewed from a fixed middle distance. Horizon low. The structure occupies the middle third of the height. Human figures, where present, are small and unindividuated — they establish scale, nothing more. Subject: A hillside with three unblocked cave mouths. Setting: a cold northern province — conifer forest, snow, stone and timber. Aspect ratio 5:4 (landscape).
人物図版	glenmoril-1	37	グレンモリルの魔女／姉妹の一人（与える側）	VI 秘教・カルト	62×93mm	2:3	Copperplate engraving, line art only. Pure black ink on a plain white ground — no grey wash, no colour, no gradients. Tone is built solely from engraved hatching: parallel burin lines, cross-hatching at 54 degrees for the darker passages, a third pass at 108 degrees only for the darkest. Every line swells at its middle and tapers at both ends, as a burin cuts. No solid black areas — a copperplate has none. Light falls from the upper left in every plate. The density of the hatching is identical regardless of subject size. No lettering, no caption, no signature, no border, no frame, no vignette. Flat on the page, no paper texture, no ageing, no stains, no torn edges. A bust portrait, head and shoulders, cut off at the chest. Plain white ground behind. The face is fully drawn as a specific individual: eyes with visible irises and a defined direction of gaze, individual bone structure at the brow, nose and jaw, and a settled expression that reads as character rather than emotion. Age is rendered explicitly in the flesh — where the record notes an aged subject, the lines, hollows and slackness must be unmistakable. Subject: a human of the Imperial provinces, slight build, facing the viewer squarely. This is the face of a person past seventy. a deep cloth hood, long hair falling past the shoulders, wearing a fur mantle over the shoulders. Holding a small glass phial, small, at the lower edge. Aspect ratio 2:3 (portrait).
人物図版	glenmoril-2	37	グレンモリルの魔女／姉妹の一人（解く側）	VI 秘教・カルト	62×93mm	2:3	Copperplate engraving, line art only. Pure black ink on a plain white ground — no grey wash, no colour, no gradients. Tone is built solely from engraved hatching: parallel burin lines, cross-hatching at 54 degrees for the darker passages, a third pass at 108 degrees only for the darkest. Every line swells at its middle and tapers at both ends, as a burin cuts. No solid black areas — a copperplate has none. Light falls from the upper left in every plate. The density of the hatching is identical regardless of subject size. No lettering, no caption, no signature, no border, no frame, no vignette. Flat on the page, no paper texture, no ageing, no stains, no torn edges. A bust portrait, head and shoulders, cut off at the chest. Plain white ground behind. The face is fully drawn as a specific individual: eyes with visible irises and a defined direction of gaze, individual bone structure at the brow, nose and jaw, and a settled expression that reads as character rather than emotion. Age is rendered explicitly in the flesh — where the record notes an aged subject, the lines, hollows and slackness must be unmistakable. Subject: a human of the Imperial provinces, slight build, turned a quarter to the left. This is the face of a person past seventy. bare-headed, long hair falling past the shoulders, wearing a fur mantle over the shoulders. Holding a sprig of dried herb, small, at the lower edge. Aspect ratio 2:3 (portrait).
人物図版	glenmoril-3	37	グレンモリルの魔女／姉妹の一人（洞窟に留まる）	VI 秘教・カルト	62×93mm	2:3	Copperplate engraving, line art only. Pure black ink on a plain white ground — no grey wash, no colour, no gradients. Tone is built solely from engraved hatching: parallel burin lines, cross-hatching at 54 degrees for the darker passages, a third pass at 108 degrees only for the darkest. Every line swells at its middle and tapers at both ends, as a burin cuts. No solid black areas — a copperplate has none. Light falls from the upper left in every plate. The density of the hatching is identical regardless of subject size. No lettering, no caption, no signature, no border, no frame, no vignette. Flat on the page, no paper texture, no ageing, no stains, no torn edges. A bust portrait, head and shoulders, cut off at the chest. Plain white ground behind. The face is fully drawn as a specific individual: eyes with visible irises and a defined direction of gaze, individual bone structure at the brow, nose and jaw, and a settled expression that reads as character rather than emotion. Age is rendered explicitly in the flesh — where the record notes an aged subject, the lines, hollows and slackness must be unmistakable. Subject: a human of the Imperial provinces, slight build, turned in profile to the left. This is the face of a person past seventy. a deep cloth hood, no visible hair, wearing a fur mantle over the shoulders. Aspect ratio 2:3 (portrait).
主図版	mythicdawn	38	神話の夜明け残党	VI 秘教・カルト	174×139.2mm	5:4	Copperplate engraving, line art only. Pure black ink on a plain white ground — no grey wash, no colour, no gradients. Tone is built solely from engraved hatching: parallel burin lines, cross-hatching at 54 degrees for the darker passages, a third pass at 108 degrees only for the darkest. Every line swells at its middle and tapers at both ends, as a burin cuts. No solid black areas — a copperplate has none. Light falls from the upper left in every plate. The density of the hatching is identical regardless of subject size. No lettering, no caption, no signature, no border, no frame, no vignette. Flat on the page, no paper texture, no ageing, no stains, no torn edges. A single architectural or landscape scene, viewed from a fixed middle distance. Horizon low. The structure occupies the middle third of the height. Human figures, where present, are small and unindividuated — they establish scale, nothing more. Subject: A burnt-out house, never rebuilt. No human figures at all. The absence is deliberate. Setting: a cold northern province — conifer forest, snow, stone and timber. Aspect ratio 5:4 (landscape).
人物図版	mythicdawn-1	38	神話の夜明け残党／マンカー・カモラン	VI 秘教・カルト	62×93mm	2:3	Copperplate engraving, line art only. Pure black ink on a plain white ground — no grey wash, no colour, no gradients. Tone is built solely from engraved hatching: parallel burin lines, cross-hatching at 54 degrees for the darker passages, a third pass at 108 degrees only for the darkest. Every line swells at its middle and tapers at both ends, as a burin cuts. No solid black areas — a copperplate has none. Light falls from the upper left in every plate. The density of the hatching is identical regardless of subject size. No lettering, no caption, no signature, no border, no frame, no vignette. Flat on the page, no paper texture, no ageing, no stains, no torn edges. A bust portrait, head and shoulders, cut off at the chest. Plain white ground behind. The face is fully drawn as a specific individual: eyes with visible irises and a defined direction of gaze, individual bone structure at the brow, nose and jaw, and a settled expression that reads as character rather than emotion. Age is rendered explicitly in the flesh — where the record notes an aged subject, the lines, hollows and slackness must be unmistakable. Subject: a human of the Imperial provinces, ordinary build, facing the viewer squarely. This is the face of a person in their fifties. a thin metal circlet, long hair falling past the shoulders, wearing a heavy wool robe. Holding a closed book, small, at the lower edge. Aspect ratio 2:3 (portrait).
人物図版	mythicdawn-2	38	神話の夜明け残党／シルス・ヴェスイウス	VI 秘教・カルト	62×93mm	2:3	Copperplate engraving, line art only. Pure black ink on a plain white ground — no grey wash, no colour, no gradients. Tone is built solely from engraved hatching: parallel burin lines, cross-hatching at 54 degrees for the darker passages, a third pass at 108 degrees only for the darkest. Every line swells at its middle and tapers at both ends, as a burin cuts. No solid black areas — a copperplate has none. Light falls from the upper left in every plate. The density of the hatching is identical regardless of subject size. No lettering, no caption, no signature, no border, no frame, no vignette. Flat on the page, no paper texture, no ageing, no stains, no torn edges. A bust portrait, head and shoulders, cut off at the chest. Plain white ground behind. The face is fully drawn as a specific individual: eyes with visible irises and a defined direction of gaze, individual bone structure at the brow, nose and jaw, and a settled expression that reads as character rather than emotion. Age is rendered explicitly in the flesh — where the record notes an aged subject, the lines, hollows and slackness must be unmistakable. Subject: a human of the Imperial provinces, ordinary build, turned a quarter to the left. This is the face of a person in their thirties. bare-headed, short cropped hair, wearing a heavy wool robe. Holding a stone tablet, small, at the lower edge. Aspect ratio 2:3 (portrait).
人物図版	mythicdawn-3	38	神話の夜明け残党／潜伏する信徒	VI 秘教・カルト	62×93mm	2:3	Copperplate engraving, line art only. Pure black ink on a plain white ground — no grey wash, no colour, no gradients. Tone is built solely from engraved hatching: parallel burin lines, cross-hatching at 54 degrees for the darker passages, a third pass at 108 degrees only for the darkest. Every line swells at its middle and tapers at both ends, as a burin cuts. No solid black areas — a copperplate has none. Light falls from the upper left in every plate. The density of the hatching is identical regardless of subject size. No lettering, no caption, no signature, no border, no frame, no vignette. Flat on the page, no paper texture, no ageing, no stains, no torn edges. A bust portrait, head and shoulders, cut off at the chest. Plain white ground behind. The face is fully drawn as a specific individual: eyes with visible irises and a defined direction of gaze, individual bone structure at the brow, nose and jaw, and a settled expression that reads as character rather than emotion. Age is rendered explicitly in the flesh — where the record notes an aged subject, the lines, hollows and slackness must be unmistakable. Subject: a human of the Imperial provinces, slight build, turned in profile to the left. This is the face of a person in their forties. a deep cloth hood, no visible hair, wearing a heavy wool robe. Holding a rolled scroll, small, at the lower edge. Aspect ratio 2:3 (portrait).
主図版	peryite	39	ペライトの信者	VI 秘教・カルト	174×139.2mm	5:4	Copperplate engraving, line art only. Pure black ink on a plain white ground — no grey wash, no colour, no gradients. Tone is built solely from engraved hatching: parallel burin lines, cross-hatching at 54 degrees for the darker passages, a third pass at 108 degrees only for the darkest. Every line swells at its middle and tapers at both ends, as a burin cuts. No solid black areas — a copperplate has none. Light falls from the upper left in every plate. The density of the hatching is identical regardless of subject size. No lettering, no caption, no signature, no border, no frame, no vignette. Flat on the page, no paper texture, no ageing, no stains, no torn edges. A single architectural or landscape scene, viewed from a fixed middle distance. Horizon low. The structure occupies the middle third of the height. Human figures, where present, are small and unindividuated — they establish scale, nothing more. Subject: A stone altar in the open, bodies lying where they fell around it. No human figures at all. The absence is deliberate. Setting: a cold northern province — conifer forest, snow, stone and timber. Aspect ratio 5:4 (landscape).
人物図版	peryite-1	39	ペライトの信者／カースティ	VI 秘教・カルト	62×93mm	2:3	Copperplate engraving, line art only. Pure black ink on a plain white ground — no grey wash, no colour, no gradients. Tone is built solely from engraved hatching: parallel burin lines, cross-hatching at 54 degrees for the darker passages, a third pass at 108 degrees only for the darkest. Every line swells at its middle and tapers at both ends, as a burin cuts. No solid black areas — a copperplate has none. Light falls from the upper left in every plate. The density of the hatching is identical regardless of subject size. No lettering, no caption, no signature, no border, no frame, no vignette. Flat on the page, no paper texture, no ageing, no stains, no torn edges. A bust portrait, head and shoulders, cut off at the chest. Plain white ground behind. The face is fully drawn as a specific individual: eyes with visible irises and a defined direction of gaze, individual bone structure at the brow, nose and jaw, and a settled expression that reads as character rather than emotion. Age is rendered explicitly in the flesh — where the record notes an aged subject, the lines, hollows and slackness must be unmistakable. Subject: a human of the Imperial provinces, slight build, facing the viewer squarely. This is the face of a person in their forties. a deep cloth hood, no visible hair, wearing a heavy wool robe. Holding a small glass phial, small, at the lower edge. Aspect ratio 2:3 (portrait).
人物図版	peryite-2	39	ペライトの信者／参籠者	VI 秘教・カルト	62×93mm	2:3	Copperplate engraving, line art only. Pure black ink on a plain white ground — no grey wash, no colour, no gradients. Tone is built solely from engraved hatching: parallel burin lines, cross-hatching at 54 degrees for the darker passages, a third pass at 108 degrees only for the darkest. Every line swells at its middle and tapers at both ends, as a burin cuts. No solid black areas — a copperplate has none. Light falls from the upper left in every plate. The density of the hatching is identical regardless of subject size. No lettering, no caption, no signature, no border, no frame, no vignette. Flat on the page, no paper texture, no ageing, no stains, no torn edges. A bust portrait, head and shoulders, cut off at the chest. Plain white ground behind. The face is fully drawn as a specific individual: eyes with visible irises and a defined direction of gaze, individual bone structure at the brow, nose and jaw, and a settled expression that reads as character rather than emotion. Age is rendered explicitly in the flesh — where the record notes an aged subject, the lines, hollows and slackness must be unmistakable. Subject: a human of the Imperial provinces, slight build, head slightly bowed. This is the face of a person in their fifties. a deep cloth hood, no visible hair, wearing a heavy wool robe. Aspect ratio 2:3 (portrait).
人物図版	peryite-3	39	ペライトの信者／記録者	VI 秘教・カルト	62×93mm	2:3	Copperplate engraving, line art only. Pure black ink on a plain white ground — no grey wash, no colour, no gradients. Tone is built solely from engraved hatching: parallel burin lines, cross-hatching at 54 degrees for the darker passages, a third pass at 108 degrees only for the darkest. Every line swells at its middle and tapers at both ends, as a burin cuts. No solid black areas — a copperplate has none. Light falls from the upper left in every plate. The density of the hatching is identical regardless of subject size. No lettering, no caption, no signature, no border, no frame, no vignette. Flat on the page, no paper texture, no ageing, no stains, no torn edges. A bust portrait, head and shoulders, cut off at the chest. Plain white ground behind. The face is fully drawn as a specific individual: eyes with visible irises and a defined direction of gaze, individual bone structure at the brow, nose and jaw, and a settled expression that reads as character rather than emotion. Age is rendered explicitly in the flesh — where the record notes an aged subject, the lines, hollows and slackness must be unmistakable. Subject: a human of the Imperial provinces, ordinary build, turned a quarter to the left. This is the face of a person in their forties. a close cowl, no visible hair, wearing a heavy wool robe. Holding a quill pen, small, at the lower edge. Aspect ratio 2:3 (portrait).
主図版	idealmasters	40	理想の支配者	VI 秘教・カルト	174×139.2mm	5:4	Copperplate engraving, line art only. Pure black ink on a plain white ground — no grey wash, no colour, no gradients. Tone is built solely from engraved hatching: parallel burin lines, cross-hatching at 54 degrees for the darker passages, a third pass at 108 degrees only for the darkest. Every line swells at its middle and tapers at both ends, as a burin cuts. No solid black areas — a copperplate has none. Light falls from the upper left in every plate. The density of the hatching is identical regardless of subject size. No lettering, no caption, no signature, no border, no frame, no vignette. Flat on the page, no paper texture, no ageing, no stains, no torn edges. A single architectural or landscape scene, viewed from a fixed middle distance. Horizon low. The structure occupies the middle third of the height. Human figures, where present, are small and unindividuated — they establish scale, nothing more. Subject: A grey plain under a starless sky, with crystalline formations rising from it. Night. The sky is worked up with dense hatching; the ground stays light. No human figures at all. The absence is deliberate. Setting: a cold northern province — conifer forest, snow, stone and timber. Aspect ratio 5:4 (landscape).
人物図版	idealmasters-1	40	理想の支配者／第一の結晶体	VI 秘教・カルト	62×93mm	2:3	Copperplate engraving, line art only. Pure black ink on a plain white ground — no grey wash, no colour, no gradients. Tone is built solely from engraved hatching: parallel burin lines, cross-hatching at 54 degrees for the darker passages, a third pass at 108 degrees only for the darkest. Every line swells at its middle and tapers at both ends, as a burin cuts. No solid black areas — a copperplate has none. Light falls from the upper left in every plate. The density of the hatching is identical regardless of subject size. No lettering, no caption, no signature, no border, no frame, no vignette. Flat on the page, no paper texture, no ageing, no stains, no torn edges. A bust portrait, head and shoulders, cut off at the chest. Plain white ground behind. The face is fully drawn as a specific individual: eyes with visible irises and a defined direction of gaze, individual bone structure at the brow, nose and jaw, and a settled expression that reads as character rather than emotion. Age is rendered explicitly in the flesh — where the record notes an aged subject, the lines, hollows and slackness must be unmistakable. Subject: a human of the Imperial provinces, slight build, facing the viewer squarely. a close cowl, no visible hair, wearing a heavy wool robe. Aspect ratio 2:3 (portrait).
人物図版	idealmasters-2	40	理想の支配者／第二の結晶体	VI 秘教・カルト	62×93mm	2:3	Copperplate engraving, line art only. Pure black ink on a plain white ground — no grey wash, no colour, no gradients. Tone is built solely from engraved hatching: parallel burin lines, cross-hatching at 54 degrees for the darker passages, a third pass at 108 degrees only for the darkest. Every line swells at its middle and tapers at both ends, as a burin cuts. No solid black areas — a copperplate has none. Light falls from the upper left in every plate. The density of the hatching is identical regardless of subject size. No lettering, no caption, no signature, no border, no frame, no vignette. Flat on the page, no paper texture, no ageing, no stains, no torn edges. A bust portrait, head and shoulders, cut off at the chest. Plain white ground behind. The face is fully drawn as a specific individual: eyes with visible irises and a defined direction of gaze, individual bone structure at the brow, nose and jaw, and a settled expression that reads as character rather than emotion. Age is rendered explicitly in the flesh — where the record notes an aged subject, the lines, hollows and slackness must be unmistakable. Subject: a human of the Imperial provinces, slight build, turned a quarter to the left. a close cowl, no visible hair, wearing a heavy wool robe. Aspect ratio 2:3 (portrait).
人物図版	idealmasters-3	40	理想の支配者／第三の結晶体	VI 秘教・カルト	62×93mm	2:3	Copperplate engraving, line art only. Pure black ink on a plain white ground — no grey wash, no colour, no gradients. Tone is built solely from engraved hatching: parallel burin lines, cross-hatching at 54 degrees for the darker passages, a third pass at 108 degrees only for the darkest. Every line swells at its middle and tapers at both ends, as a burin cuts. No solid black areas — a copperplate has none. Light falls from the upper left in every plate. The density of the hatching is identical regardless of subject size. No lettering, no caption, no signature, no border, no frame, no vignette. Flat on the page, no paper texture, no ageing, no stains, no torn edges. A bust portrait, head and shoulders, cut off at the chest. Plain white ground behind. The face is fully drawn as a specific individual: eyes with visible irises and a defined direction of gaze, individual bone structure at the brow, nose and jaw, and a settled expression that reads as character rather than emotion. Age is rendered explicitly in the flesh — where the record notes an aged subject, the lines, hollows and slackness must be unmistakable. Subject: a human of the Imperial provinces, slight build, turned in profile to the left. a close cowl, no visible hair, wearing a heavy wool robe. Aspect ratio 2:3 (portrait).
主図版	daedriccults	41	各デイドラ王の信徒団	VI 秘教・カルト	174×139.2mm	5:4	Copperplate engraving, line art only. Pure black ink on a plain white ground — no grey wash, no colour, no gradients. Tone is built solely from engraved hatching: parallel burin lines, cross-hatching at 54 degrees for the darker passages, a third pass at 108 degrees only for the darkest. Every line swells at its middle and tapers at both ends, as a burin cuts. No solid black areas — a copperplate has none. Light falls from the upper left in every plate. The density of the hatching is identical regardless of subject size. No lettering, no caption, no signature, no border, no frame, no vignette. Flat on the page, no paper texture, no ageing, no stains, no torn edges. A single architectural or landscape scene, viewed from a fixed middle distance. Horizon low. The structure occupies the middle third of the height. Human figures, where present, are small and unindividuated — they establish scale, nothing more. Subject: A stone altar in the open, at a measured distance from any dwelling. Night. The sky is worked up with dense hatching; the ground stays light. Setting: a cold northern province — conifer forest, snow, stone and timber. Aspect ratio 5:4 (landscape).
人物図版	daedriccults-1	41	各デイドラ王の信徒団／メエルーンズ・デイゴンの信徒	VI 秘教・カルト	62×93mm	2:3	Copperplate engraving, line art only. Pure black ink on a plain white ground — no grey wash, no colour, no gradients. Tone is built solely from engraved hatching: parallel burin lines, cross-hatching at 54 degrees for the darker passages, a third pass at 108 degrees only for the darkest. Every line swells at its middle and tapers at both ends, as a burin cuts. No solid black areas — a copperplate has none. Light falls from the upper left in every plate. The density of the hatching is identical regardless of subject size. No lettering, no caption, no signature, no border, no frame, no vignette. Flat on the page, no paper texture, no ageing, no stains, no torn edges. A bust portrait, head and shoulders, cut off at the chest. Plain white ground behind. The face is fully drawn as a specific individual: eyes with visible irises and a defined direction of gaze, individual bone structure at the brow, nose and jaw, and a settled expression that reads as character rather than emotion. Age is rendered explicitly in the flesh — where the record notes an aged subject, the lines, hollows and slackness must be unmistakable. Subject: a human of the Imperial provinces, ordinary build, facing the viewer squarely. This is the face of a person in their thirties. a deep cloth hood, no visible hair, wearing a heavy wool robe. Aspect ratio 2:3 (portrait).
人物図版	daedriccults-2	41	各デイドラ王の信徒団／モラグ・バルの信徒	VI 秘教・カルト	62×93mm	2:3	Copperplate engraving, line art only. Pure black ink on a plain white ground — no grey wash, no colour, no gradients. Tone is built solely from engraved hatching: parallel burin lines, cross-hatching at 54 degrees for the darker passages, a third pass at 108 degrees only for the darkest. Every line swells at its middle and tapers at both ends, as a burin cuts. No solid black areas — a copperplate has none. Light falls from the upper left in every plate. The density of the hatching is identical regardless of subject size. No lettering, no caption, no signature, no border, no frame, no vignette. Flat on the page, no paper texture, no ageing, no stains, no torn edges. A bust portrait, head and shoulders, cut off at the chest. Plain white ground behind. The face is fully drawn as a specific individual: eyes with visible irises and a defined direction of gaze, individual bone structure at the brow, nose and jaw, and a settled expression that reads as character rather than emotion. Age is rendered explicitly in the flesh — where the record notes an aged subject, the lines, hollows and slackness must be unmistakable. Subject: a human of the Imperial provinces, ordinary build, turned a quarter to the left. This is the face of a person in their forties. a close cowl, no visible hair, wearing a heavy wool robe. Holding a mace, small, at the lower edge. Aspect ratio 2:3 (portrait).
人物図版	daedriccults-3	41	各デイドラ王の信徒団／ボエシアの信徒	VI 秘教・カルト	62×93mm	2:3	Copperplate engraving, line art only. Pure black ink on a plain white ground — no grey wash, no colour, no gradients. Tone is built solely from engraved hatching: parallel burin lines, cross-hatching at 54 degrees for the darker passages, a third pass at 108 degrees only for the darkest. Every line swells at its middle and tapers at both ends, as a burin cuts. No solid black areas — a copperplate has none. Light falls from the upper left in every plate. The density of the hatching is identical regardless of subject size. No lettering, no caption, no signature, no border, no frame, no vignette. Flat on the page, no paper texture, no ageing, no stains, no torn edges. A bust portrait, head and shoulders, cut off at the chest. Plain white ground behind. The face is fully drawn as a specific individual: eyes with visible irises and a defined direction of gaze, individual bone structure at the brow, nose and jaw, and a settled expression that reads as character rather than emotion. Age is rendered explicitly in the flesh — where the record notes an aged subject, the lines, hollows and slackness must be unmistakable. Subject: a human of the Imperial provinces, slight build, turned in profile to the left. This is the face of a person in their forties. bare-headed, long hair falling past the shoulders, wearing a studded leather jerkin. a scar across one cheek. Holding a dagger, small, at the lower edge. Aspect ratio 2:3 (portrait).
主図版	skaal	42	スカール族	VII 部族・辺境・その他	174×139.2mm	5:4	Copperplate engraving, line art only. Pure black ink on a plain white ground — no grey wash, no colour, no gradients. Tone is built solely from engraved hatching: parallel burin lines, cross-hatching at 54 degrees for the darker passages, a third pass at 108 degrees only for the darkest. Every line swells at its middle and tapers at both ends, as a burin cuts. No solid black areas — a copperplate has none. Light falls from the upper left in every plate. The density of the hatching is identical regardless of subject size. No lettering, no caption, no signature, no border, no frame, no vignette. Flat on the page, no paper texture, no ageing, no stains, no torn edges. A single architectural or landscape scene, viewed from a fixed middle distance. Horizon low. The structure occupies the middle third of the height. Human figures, where present, are small and unindividuated — they establish scale, nothing more. Subject: A village of fewer than ten timber houses, one track leading away from it. Setting: a cold northern province — conifer forest, snow, stone and timber. Aspect ratio 5:4 (landscape).
人物図版	skaal-1	42	スカール族／ストゥルン	VII 部族・辺境・その他	62×93mm	2:3	Copperplate engraving, line art only. Pure black ink on a plain white ground — no grey wash, no colour, no gradients. Tone is built solely from engraved hatching: parallel burin lines, cross-hatching at 54 degrees for the darker passages, a third pass at 108 degrees only for the darkest. Every line swells at its middle and tapers at both ends, as a burin cuts. No solid black areas — a copperplate has none. Light falls from the upper left in every plate. The density of the hatching is identical regardless of subject size. No lettering, no caption, no signature, no border, no frame, no vignette. Flat on the page, no paper texture, no ageing, no stains, no torn edges. A bust portrait, head and shoulders, cut off at the chest. Plain white ground behind. The face is fully drawn as a specific individual: eyes with visible irises and a defined direction of gaze, individual bone structure at the brow, nose and jaw, and a settled expression that reads as character rather than emotion. Age is rendered explicitly in the flesh — where the record notes an aged subject, the lines, hollows and slackness must be unmistakable. Subject: a Nord of the northern province, ordinary build, facing the viewer squarely. This is the face of a person past seventy. a deep cloth hood, no visible hair, wearing a fur mantle over the shoulders. Holding a sprig of dried herb, small, at the lower edge. Aspect ratio 2:3 (portrait).
人物図版	skaal-2	42	スカール族／フレア	VII 部族・辺境・その他	62×93mm	2:3	Copperplate engraving, line art only. Pure black ink on a plain white ground — no grey wash, no colour, no gradients. Tone is built solely from engraved hatching: parallel burin lines, cross-hatching at 54 degrees for the darker passages, a third pass at 108 degrees only for the darkest. Every line swells at its middle and tapers at both ends, as a burin cuts. No solid black areas — a copperplate has none. Light falls from the upper left in every plate. The density of the hatching is identical regardless of subject size. No lettering, no caption, no signature, no border, no frame, no vignette. Flat on the page, no paper texture, no ageing, no stains, no torn edges. A bust portrait, head and shoulders, cut off at the chest. Plain white ground behind. The face is fully drawn as a specific individual: eyes with visible irises and a defined direction of gaze, individual bone structure at the brow, nose and jaw, and a settled expression that reads as character rather than emotion. Age is rendered explicitly in the flesh — where the record notes an aged subject, the lines, hollows and slackness must be unmistakable. Subject: a Nord of the northern province, slight build, turned a quarter to the left. This is the face of a person in their thirties. bare-headed, a single heavy braid, wearing a fur mantle over the shoulders. Holding a spear, small, at the lower edge. Aspect ratio 2:3 (portrait).
人物図版	skaal-3	42	スカール族／バルドー	VII 部族・辺境・その他	62×93mm	2:3	Copperplate engraving, line art only. Pure black ink on a plain white ground — no grey wash, no colour, no gradients. Tone is built solely from engraved hatching: parallel burin lines, cross-hatching at 54 degrees for the darker passages, a third pass at 108 degrees only for the darkest. Every line swells at its middle and tapers at both ends, as a burin cuts. No solid black areas — a copperplate has none. Light falls from the upper left in every plate. The density of the hatching is identical regardless of subject size. No lettering, no caption, no signature, no border, no frame, no vignette. Flat on the page, no paper texture, no ageing, no stains, no torn edges. A bust portrait, head and shoulders, cut off at the chest. Plain white ground behind. The face is fully drawn as a specific individual: eyes with visible irises and a defined direction of gaze, individual bone structure at the brow, nose and jaw, and a settled expression that reads as character rather than emotion. Age is rendered explicitly in the flesh — where the record notes an aged subject, the lines, hollows and slackness must be unmistakable. Subject: a Nord of the northern province, broad, heavy build, turned in profile to the left. This is the face of a person in their fifties. bare-headed, a single heavy braid, wearing a fur mantle over the shoulders. Holding a pair of smith’s tongs, small, at the lower edge. Aspect ratio 2:3 (portrait).
主図版	redoran	43	ハウス・レドラン	VII 部族・辺境・その他	174×139.2mm	5:4	Copperplate engraving, line art only. Pure black ink on a plain white ground — no grey wash, no colour, no gradients. Tone is built solely from engraved hatching: parallel burin lines, cross-hatching at 54 degrees for the darker passages, a third pass at 108 degrees only for the darkest. Every line swells at its middle and tapers at both ends, as a burin cuts. No solid black areas — a copperplate has none. Light falls from the upper left in every plate. The density of the hatching is identical regardless of subject size. No lettering, no caption, no signature, no border, no frame, no vignette. Flat on the page, no paper texture, no ageing, no stains, no torn edges. A single architectural or landscape scene, viewed from a fixed middle distance. Horizon low. The structure occupies the middle third of the height. Human figures, where present, are small and unindividuated — they establish scale, nothing more. Subject: A city gate rebuilt higher than its foundations, to keep out volcanic ash. Setting: a cold northern province — conifer forest, snow, stone and timber. Aspect ratio 5:4 (landscape).
人物図版	redoran-1	43	ハウス・レドラン／ラロー・モーヴェイン	VII 部族・辺境・その他	62×93mm	2:3	Copperplate engraving, line art only. Pure black ink on a plain white ground — no grey wash, no colour, no gradients. Tone is built solely from engraved hatching: parallel burin lines, cross-hatching at 54 degrees for the darker passages, a third pass at 108 degrees only for the darkest. Every line swells at its middle and tapers at both ends, as a burin cuts. No solid black areas — a copperplate has none. Light falls from the upper left in every plate. The density of the hatching is identical regardless of subject size. No lettering, no caption, no signature, no border, no frame, no vignette. Flat on the page, no paper texture, no ageing, no stains, no torn edges. A bust portrait, head and shoulders, cut off at the chest. Plain white ground behind. The face is fully drawn as a specific individual: eyes with visible irises and a defined direction of gaze, individual bone structure at the brow, nose and jaw, and a settled expression that reads as character rather than emotion. Age is rendered explicitly in the flesh — where the record notes an aged subject, the lines, hollows and slackness must be unmistakable. Subject: a tall elf with long pointed ears, ordinary build, facing the viewer squarely. This is the face of a person past sixty. a thin metal circlet, no visible hair, wearing a heavy wool robe. Holding a wax seal on a cord, small, at the lower edge. Aspect ratio 2:3 (portrait).
人物図版	redoran-2	43	ハウス・レドラン／ヴェレス	VII 部族・辺境・その他	62×93mm	2:3	Copperplate engraving, line art only. Pure black ink on a plain white ground — no grey wash, no colour, no gradients. Tone is built solely from engraved hatching: parallel burin lines, cross-hatching at 54 degrees for the darker passages, a third pass at 108 degrees only for the darkest. Every line swells at its middle and tapers at both ends, as a burin cuts. No solid black areas — a copperplate has none. Light falls from the upper left in every plate. The density of the hatching is identical regardless of subject size. No lettering, no caption, no signature, no border, no frame, no vignette. Flat on the page, no paper texture, no ageing, no stains, no torn edges. A bust portrait, head and shoulders, cut off at the chest. Plain white ground behind. The face is fully drawn as a specific individual: eyes with visible irises and a defined direction of gaze, individual bone structure at the brow, nose and jaw, and a settled expression that reads as character rather than emotion. Age is rendered explicitly in the flesh — where the record notes an aged subject, the lines, hollows and slackness must be unmistakable. Subject: a tall elf with long pointed ears, broad, heavy build, turned a quarter to the left. This is the face of a person in their forties. a plain iron helm, no visible hair, wearing plate armour over a gambeson. a scar across one cheek. Holding a round shield, small, at the lower edge. Aspect ratio 2:3 (portrait).
人物図版	redoran-3	43	ハウス・レドラン／アドリル・アラノ	VII 部族・辺境・その他	62×93mm	2:3	Copperplate engraving, line art only. Pure black ink on a plain white ground — no grey wash, no colour, no gradients. Tone is built solely from engraved hatching: parallel burin lines, cross-hatching at 54 degrees for the darker passages, a third pass at 108 degrees only for the darkest. Every line swells at its middle and tapers at both ends, as a burin cuts. No solid black areas — a copperplate has none. Light falls from the upper left in every plate. The density of the hatching is identical regardless of subject size. No lettering, no caption, no signature, no border, no frame, no vignette. Flat on the page, no paper texture, no ageing, no stains, no torn edges. A bust portrait, head and shoulders, cut off at the chest. Plain white ground behind. The face is fully drawn as a specific individual: eyes with visible irises and a defined direction of gaze, individual bone structure at the brow, nose and jaw, and a settled expression that reads as character rather than emotion. Age is rendered explicitly in the flesh — where the record notes an aged subject, the lines, hollows and slackness must be unmistakable. Subject: a tall elf with long pointed ears, slight build, turned in profile to the left. This is the face of a person past sixty. bare-headed, short cropped hair, wearing a heavy wool robe. Holding a bound ledger, small, at the lower edge. Aspect ratio 2:3 (portrait).
主図版	telvanni	44	ハウス・テルヴァンニ	VII 部族・辺境・その他	174×139.2mm	5:4	Copperplate engraving, line art only. Pure black ink on a plain white ground — no grey wash, no colour, no gradients. Tone is built solely from engraved hatching: parallel burin lines, cross-hatching at 54 degrees for the darker passages, a third pass at 108 degrees only for the darkest. Every line swells at its middle and tapers at both ends, as a burin cuts. No solid black areas — a copperplate has none. Light falls from the upper left in every plate. The density of the hatching is identical regardless of subject size. No lettering, no caption, no signature, no border, no frame, no vignette. Flat on the page, no paper texture, no ageing, no stains, no torn edges. A single architectural or landscape scene, viewed from a fixed middle distance. Horizon low. The structure occupies the middle third of the height. Human figures, where present, are small and unindividuated — they establish scale, nothing more. Subject: A tower grown from a giant fungus, not built of stone. Setting: a cold northern province — conifer forest, snow, stone and timber. Aspect ratio 5:4 (landscape).
人物図版	telvanni-1	44	ハウス・テルヴァンニ／ネロス	VII 部族・辺境・その他	62×93mm	2:3	Copperplate engraving, line art only. Pure black ink on a plain white ground — no grey wash, no colour, no gradients. Tone is built solely from engraved hatching: parallel burin lines, cross-hatching at 54 degrees for the darker passages, a third pass at 108 degrees only for the darkest. Every line swells at its middle and tapers at both ends, as a burin cuts. No solid black areas — a copperplate has none. Light falls from the upper left in every plate. The density of the hatching is identical regardless of subject size. No lettering, no caption, no signature, no border, no frame, no vignette. Flat on the page, no paper texture, no ageing, no stains, no torn edges. A bust portrait, head and shoulders, cut off at the chest. Plain white ground behind. The face is fully drawn as a specific individual: eyes with visible irises and a defined direction of gaze, individual bone structure at the brow, nose and jaw, and a settled expression that reads as character rather than emotion. Age is rendered explicitly in the flesh — where the record notes an aged subject, the lines, hollows and slackness must be unmistakable. Subject: a tall elf with long pointed ears, ordinary build, facing the viewer squarely. This is the face of a person past seventy. bare-headed, long hair falling past the shoulders, wearing a heavy wool robe. Holding a wooden staff, small, at the lower edge. Aspect ratio 2:3 (portrait).
人物図版	telvanni-2	44	ハウス・テルヴァンニ／タルヴァス	VII 部族・辺境・その他	62×93mm	2:3	Copperplate engraving, line art only. Pure black ink on a plain white ground — no grey wash, no colour, no gradients. Tone is built solely from engraved hatching: parallel burin lines, cross-hatching at 54 degrees for the darker passages, a third pass at 108 degrees only for the darkest. Every line swells at its middle and tapers at both ends, as a burin cuts. No solid black areas — a copperplate has none. Light falls from the upper left in every plate. The density of the hatching is identical regardless of subject size. No lettering, no caption, no signature, no border, no frame, no vignette. Flat on the page, no paper texture, no ageing, no stains, no torn edges. A bust portrait, head and shoulders, cut off at the chest. Plain white ground behind. The face is fully drawn as a specific individual: eyes with visible irises and a defined direction of gaze, individual bone structure at the brow, nose and jaw, and a settled expression that reads as character rather than emotion. Age is rendered explicitly in the flesh — where the record notes an aged subject, the lines, hollows and slackness must be unmistakable. Subject: a tall elf with long pointed ears, slight build, head slightly bowed. This is the face of a person in their twenties. bare-headed, short cropped hair, wearing a heavy wool robe. Aspect ratio 2:3 (portrait).
人物図版	telvanni-3	44	ハウス・テルヴァンニ／ヴァローナ	VII 部族・辺境・その他	62×93mm	2:3	Copperplate engraving, line art only. Pure black ink on a plain white ground — no grey wash, no colour, no gradients. Tone is built solely from engraved hatching: parallel burin lines, cross-hatching at 54 degrees for the darker passages, a third pass at 108 degrees only for the darkest. Every line swells at its middle and tapers at both ends, as a burin cuts. No solid black areas — a copperplate has none. Light falls from the upper left in every plate. The density of the hatching is identical regardless of subject size. No lettering, no caption, no signature, no border, no frame, no vignette. Flat on the page, no paper texture, no ageing, no stains, no torn edges. A bust portrait, head and shoulders, cut off at the chest. Plain white ground behind. The face is fully drawn as a specific individual: eyes with visible irises and a defined direction of gaze, individual bone structure at the brow, nose and jaw, and a settled expression that reads as character rather than emotion. Age is rendered explicitly in the flesh — where the record notes an aged subject, the lines, hollows and slackness must be unmistakable. Subject: a tall elf with long pointed ears, ordinary build, turned a quarter to the left. This is the face of a person in their forties. bare-headed, short cropped hair, wearing a studded leather jerkin. Holding a large iron key, small, at the lower edge. Aspect ratio 2:3 (portrait).
主図版	orcstrongholds	45	オークの砦	VII 部族・辺境・その他	174×139.2mm	5:4	Copperplate engraving, line art only. Pure black ink on a plain white ground — no grey wash, no colour, no gradients. Tone is built solely from engraved hatching: parallel burin lines, cross-hatching at 54 degrees for the darker passages, a third pass at 108 degrees only for the darkest. Every line swells at its middle and tapers at both ends, as a burin cuts. No solid black areas — a copperplate has none. Light falls from the upper left in every plate. The density of the hatching is identical regardless of subject size. No lettering, no caption, no signature, no border, no frame, no vignette. Flat on the page, no paper texture, no ageing, no stains, no torn edges. A single architectural or landscape scene, viewed from a fixed middle distance. Horizon low. The structure occupies the middle third of the height. Human figures, where present, are small and unindividuated — they establish scale, nothing more. Subject: A stronghold walled with timber and bone, with a single gate. Setting: a cold northern province — conifer forest, snow, stone and timber. Aspect ratio 5:4 (landscape).
人物図版	orcstrongholds-1	45	オークの砦／ラーカク	VII 部族・辺境・その他	62×93mm	2:3	Copperplate engraving, line art only. Pure black ink on a plain white ground — no grey wash, no colour, no gradients. Tone is built solely from engraved hatching: parallel burin lines, cross-hatching at 54 degrees for the darker passages, a third pass at 108 degrees only for the darkest. Every line swells at its middle and tapers at both ends, as a burin cuts. No solid black areas — a copperplate has none. Light falls from the upper left in every plate. The density of the hatching is identical regardless of subject size. No lettering, no caption, no signature, no border, no frame, no vignette. Flat on the page, no paper texture, no ageing, no stains, no torn edges. A bust portrait, head and shoulders, cut off at the chest. Plain white ground behind. The face is fully drawn as a specific individual: eyes with visible irises and a defined direction of gaze, individual bone structure at the brow, nose and jaw, and a settled expression that reads as character rather than emotion. Age is rendered explicitly in the flesh — where the record notes an aged subject, the lines, hollows and slackness must be unmistakable. Subject: an orc with a heavy jaw and lower tusks, broad, heavy build, facing the viewer squarely. This is the face of a person in their fifties. bare-headed, hair gathered into a topknot, wearing a fur mantle over the shoulders. a scar across one cheek. Holding a war axe, small, at the lower edge. Aspect ratio 2:3 (portrait).
人物図版	orcstrongholds-2	45	オークの砦／ゴル	VII 部族・辺境・その他	62×93mm	2:3	Copperplate engraving, line art only. Pure black ink on a plain white ground — no grey wash, no colour, no gradients. Tone is built solely from engraved hatching: parallel burin lines, cross-hatching at 54 degrees for the darker passages, a third pass at 108 degrees only for the darkest. Every line swells at its middle and tapers at both ends, as a burin cuts. No solid black areas — a copperplate has none. Light falls from the upper left in every plate. The density of the hatching is identical regardless of subject size. No lettering, no caption, no signature, no border, no frame, no vignette. Flat on the page, no paper texture, no ageing, no stains, no torn edges. A bust portrait, head and shoulders, cut off at the chest. Plain white ground behind. The face is fully drawn as a specific individual: eyes with visible irises and a defined direction of gaze, individual bone structure at the brow, nose and jaw, and a settled expression that reads as character rather than emotion. Age is rendered explicitly in the flesh — where the record notes an aged subject, the lines, hollows and slackness must be unmistakable. Subject: an orc with a heavy jaw and lower tusks, broad, heavy build, turned a quarter to the left. This is the face of a person in their forties. a plain iron helm, no visible hair, wearing a mail shirt. Aspect ratio 2:3 (portrait).
人物図版	orcstrongholds-3	45	オークの砦／ブルグク	VII 部族・辺境・その他	62×93mm	2:3	Copperplate engraving, line art only. Pure black ink on a plain white ground — no grey wash, no colour, no gradients. Tone is built solely from engraved hatching: parallel burin lines, cross-hatching at 54 degrees for the darker passages, a third pass at 108 degrees only for the darkest. Every line swells at its middle and tapers at both ends, as a burin cuts. No solid black areas — a copperplate has none. Light falls from the upper left in every plate. The density of the hatching is identical regardless of subject size. No lettering, no caption, no signature, no border, no frame, no vignette. Flat on the page, no paper texture, no ageing, no stains, no torn edges. A bust portrait, head and shoulders, cut off at the chest. Plain white ground behind. The face is fully drawn as a specific individual: eyes with visible irises and a defined direction of gaze, individual bone structure at the brow, nose and jaw, and a settled expression that reads as character rather than emotion. Age is rendered explicitly in the flesh — where the record notes an aged subject, the lines, hollows and slackness must be unmistakable. Subject: an orc with a heavy jaw and lower tusks, broad, heavy build, turned in profile to the left. This is the face of a person in their fifties. bare-headed, hair gathered into a topknot, wearing a fur mantle over the shoulders. Holding a chalice, small, at the lower edge. Aspect ratio 2:3 (portrait).
主図版	khajiitcaravans	46	キャジートのキャラバン	VII 部族・辺境・その他	174×139.2mm	5:4	Copperplate engraving, line art only. Pure black ink on a plain white ground — no grey wash, no colour, no gradients. Tone is built solely from engraved hatching: parallel burin lines, cross-hatching at 54 degrees for the darker passages, a third pass at 108 degrees only for the darkest. Every line swells at its middle and tapers at both ends, as a burin cuts. No solid black areas — a copperplate has none. Light falls from the upper left in every plate. The density of the hatching is identical regardless of subject size. No lettering, no caption, no signature, no border, no frame, no vignette. Flat on the page, no paper texture, no ageing, no stains, no torn edges. A single architectural or landscape scene, viewed from a fixed middle distance. Horizon low. The structure occupies the middle third of the height. Human figures, where present, are small and unindividuated — they establish scale, nothing more. Subject: Merchant tents pitched outside a city gate, the walls closed behind them. Setting: a cold northern province — conifer forest, snow, stone and timber. Aspect ratio 5:4 (landscape).
人物図版	khajiitcaravans-1	46	キャジートのキャラバン／リ＝サード	VII 部族・辺境・その他	62×93mm	2:3	Copperplate engraving, line art only. Pure black ink on a plain white ground — no grey wash, no colour, no gradients. Tone is built solely from engraved hatching: parallel burin lines, cross-hatching at 54 degrees for the darker passages, a third pass at 108 degrees only for the darkest. Every line swells at its middle and tapers at both ends, as a burin cuts. No solid black areas — a copperplate has none. Light falls from the upper left in every plate. The density of the hatching is identical regardless of subject size. No lettering, no caption, no signature, no border, no frame, no vignette. Flat on the page, no paper texture, no ageing, no stains, no torn edges. A bust portrait, head and shoulders, cut off at the chest. Plain white ground behind. The face is fully drawn as a specific individual: eyes with visible irises and a defined direction of gaze, individual bone structure at the brow, nose and jaw, and a settled expression that reads as character rather than emotion. Age is rendered explicitly in the flesh — where the record notes an aged subject, the lines, hollows and slackness must be unmistakable. Subject: a feline-headed khajiit with upright ears, ordinary build, facing the viewer squarely. This is the face of a person in their fifties. a deep cloth hood, no visible hair, wearing a studded leather jerkin. Aspect ratio 2:3 (portrait).
人物図版	khajiitcaravans-2	46	キャジートのキャラバン／アトゥーバ	VII 部族・辺境・その他	62×93mm	2:3	Copperplate engraving, line art only. Pure black ink on a plain white ground — no grey wash, no colour, no gradients. Tone is built solely from engraved hatching: parallel burin lines, cross-hatching at 54 degrees for the darker passages, a third pass at 108 degrees only for the darkest. Every line swells at its middle and tapers at both ends, as a burin cuts. No solid black areas — a copperplate has none. Light falls from the upper left in every plate. The density of the hatching is identical regardless of subject size. No lettering, no caption, no signature, no border, no frame, no vignette. Flat on the page, no paper texture, no ageing, no stains, no torn edges. A bust portrait, head and shoulders, cut off at the chest. Plain white ground behind. The face is fully drawn as a specific individual: eyes with visible irises and a defined direction of gaze, individual bone structure at the brow, nose and jaw, and a settled expression that reads as character rather than emotion. Age is rendered explicitly in the flesh — where the record notes an aged subject, the lines, hollows and slackness must be unmistakable. Subject: a feline-headed khajiit with upright ears, slight build, turned a quarter to the left. This is the face of a person in their forties. bare-headed, no visible hair, wearing a heavy wool robe. Aspect ratio 2:3 (portrait).
人物図版	khajiitcaravans-3	46	キャジートのキャラバン／アカリ	VII 部族・辺境・その他	62×93mm	2:3	Copperplate engraving, line art only. Pure black ink on a plain white ground — no grey wash, no colour, no gradients. Tone is built solely from engraved hatching: parallel burin lines, cross-hatching at 54 degrees for the darker passages, a third pass at 108 degrees only for the darkest. Every line swells at its middle and tapers at both ends, as a burin cuts. No solid black areas — a copperplate has none. Light falls from the upper left in every plate. The density of the hatching is identical regardless of subject size. No lettering, no caption, no signature, no border, no frame, no vignette. Flat on the page, no paper texture, no ageing, no stains, no torn edges. A bust portrait, head and shoulders, cut off at the chest. Plain white ground behind. The face is fully drawn as a specific individual: eyes with visible irises and a defined direction of gaze, individual bone structure at the brow, nose and jaw, and a settled expression that reads as character rather than emotion. Age is rendered explicitly in the flesh — where the record notes an aged subject, the lines, hollows and slackness must be unmistakable. Subject: a feline-headed khajiit with upright ears, ordinary build, turned in profile to the left. This is the face of a person in their forties. a deep cloth hood, no visible hair, wearing a studded leather jerkin. one ear missing. Aspect ratio 2:3 (portrait).
主図版	riekling	47	リークリング族	VII 部族・辺境・その他	174×139.2mm	5:4	Copperplate engraving, line art only. Pure black ink on a plain white ground — no grey wash, no colour, no gradients. Tone is built solely from engraved hatching: parallel burin lines, cross-hatching at 54 degrees for the darker passages, a third pass at 108 degrees only for the darkest. Every line swells at its middle and tapers at both ends, as a burin cuts. No solid black areas — a copperplate has none. Light falls from the upper left in every plate. The density of the hatching is identical regardless of subject size. No lettering, no caption, no signature, no border, no frame, no vignette. Flat on the page, no paper texture, no ageing, no stains, no torn edges. A single architectural or landscape scene, viewed from a fixed middle distance. Horizon low. The structure occupies the middle third of the height. Human figures, where present, are small and unindividuated — they establish scale, nothing more. Subject: A snowfield settlement; hide tents banked up with heaped snow. Setting: a cold northern province — conifer forest, snow, stone and timber. Aspect ratio 5:4 (landscape).
人物図版	riekling-1	47	リークリング族／族長	VII 部族・辺境・その他	62×93mm	2:3	Copperplate engraving, line art only. Pure black ink on a plain white ground — no grey wash, no colour, no gradients. Tone is built solely from engraved hatching: parallel burin lines, cross-hatching at 54 degrees for the darker passages, a third pass at 108 degrees only for the darkest. Every line swells at its middle and tapers at both ends, as a burin cuts. No solid black areas — a copperplate has none. Light falls from the upper left in every plate. The density of the hatching is identical regardless of subject size. No lettering, no caption, no signature, no border, no frame, no vignette. Flat on the page, no paper texture, no ageing, no stains, no torn edges. A bust portrait, head and shoulders, cut off at the chest. Plain white ground behind. The face is fully drawn as a specific individual: eyes with visible irises and a defined direction of gaze, individual bone structure at the brow, nose and jaw, and a settled expression that reads as character rather than emotion. Age is rendered explicitly in the flesh — where the record notes an aged subject, the lines, hollows and slackness must be unmistakable. Subject: an orc with a heavy jaw and lower tusks, slight build, facing the viewer squarely. a horned iron helm, no visible hair, wearing a fur mantle over the shoulders. Holding a spear, small, at the lower edge. Aspect ratio 2:3 (portrait).
人物図版	riekling-2	47	リークリング族／斥候	VII 部族・辺境・その他	62×93mm	2:3	Copperplate engraving, line art only. Pure black ink on a plain white ground — no grey wash, no colour, no gradients. Tone is built solely from engraved hatching: parallel burin lines, cross-hatching at 54 degrees for the darker passages, a third pass at 108 degrees only for the darkest. Every line swells at its middle and tapers at both ends, as a burin cuts. No solid black areas — a copperplate has none. Light falls from the upper left in every plate. The density of the hatching is identical regardless of subject size. No lettering, no caption, no signature, no border, no frame, no vignette. Flat on the page, no paper texture, no ageing, no stains, no torn edges. A bust portrait, head and shoulders, cut off at the chest. Plain white ground behind. The face is fully drawn as a specific individual: eyes with visible irises and a defined direction of gaze, individual bone structure at the brow, nose and jaw, and a settled expression that reads as character rather than emotion. Age is rendered explicitly in the flesh — where the record notes an aged subject, the lines, hollows and slackness must be unmistakable. Subject: an orc with a heavy jaw and lower tusks, slight build, turned a quarter to the left. bare-headed, hair gathered into a topknot, wearing a fur mantle over the shoulders. Aspect ratio 2:3 (portrait).
人物図版	riekling-3	47	リークリング族／外から来た者	VII 部族・辺境・その他	62×93mm	2:3	Copperplate engraving, line art only. Pure black ink on a plain white ground — no grey wash, no colour, no gradients. Tone is built solely from engraved hatching: parallel burin lines, cross-hatching at 54 degrees for the darker passages, a third pass at 108 degrees only for the darkest. Every line swells at its middle and tapers at both ends, as a burin cuts. No solid black areas — a copperplate has none. Light falls from the upper left in every plate. The density of the hatching is identical regardless of subject size. No lettering, no caption, no signature, no border, no frame, no vignette. Flat on the page, no paper texture, no ageing, no stains, no torn edges. A bust portrait, head and shoulders, cut off at the chest. Plain white ground behind. The face is fully drawn as a specific individual: eyes with visible irises and a defined direction of gaze, individual bone structure at the brow, nose and jaw, and a settled expression that reads as character rather than emotion. Age is rendered explicitly in the flesh — where the record notes an aged subject, the lines, hollows and slackness must be unmistakable. Subject: a Nord of the northern province, ordinary build, turned in profile to the left. a plain iron helm, no visible hair, wearing a mail shirt. Holding a drinking horn, small, at the lower edge. Aspect ratio 2:3 (portrait).
主図版	bandits	48	山賊諸派	VII 部族・辺境・その他	174×139.2mm	5:4	Copperplate engraving, line art only. Pure black ink on a plain white ground — no grey wash, no colour, no gradients. Tone is built solely from engraved hatching: parallel burin lines, cross-hatching at 54 degrees for the darker passages, a third pass at 108 degrees only for the darkest. Every line swells at its middle and tapers at both ends, as a burin cuts. No solid black areas — a copperplate has none. Light falls from the upper left in every plate. The density of the hatching is identical regardless of subject size. No lettering, no caption, no signature, no border, no frame, no vignette. Flat on the page, no paper texture, no ageing, no stains, no torn edges. A single architectural or landscape scene, viewed from a fixed middle distance. Horizon low. The structure occupies the middle third of the height. Human figures, where present, are small and unindividuated — they establish scale, nothing more. Subject: A ruined fort beside a road, only its gate repaired. Setting: a cold northern province — conifer forest, snow, stone and timber. Aspect ratio 5:4 (landscape).
人物図版	bandits-1	48	山賊諸派／砦の頭目	VII 部族・辺境・その他	62×93mm	2:3	Copperplate engraving, line art only. Pure black ink on a plain white ground — no grey wash, no colour, no gradients. Tone is built solely from engraved hatching: parallel burin lines, cross-hatching at 54 degrees for the darker passages, a third pass at 108 degrees only for the darkest. Every line swells at its middle and tapers at both ends, as a burin cuts. No solid black areas — a copperplate has none. Light falls from the upper left in every plate. The density of the hatching is identical regardless of subject size. No lettering, no caption, no signature, no border, no frame, no vignette. Flat on the page, no paper texture, no ageing, no stains, no torn edges. A bust portrait, head and shoulders, cut off at the chest. Plain white ground behind. The face is fully drawn as a specific individual: eyes with visible irises and a defined direction of gaze, individual bone structure at the brow, nose and jaw, and a settled expression that reads as character rather than emotion. Age is rendered explicitly in the flesh — where the record notes an aged subject, the lines, hollows and slackness must be unmistakable. Subject: a Nord of the northern province, broad, heavy build, facing the viewer squarely. This is the face of a person in their forties. a plain iron helm, no visible hair, wearing a mail shirt. a scar across one cheek. Holding a bound ledger, small, at the lower edge. Aspect ratio 2:3 (portrait).
人物図版	bandits-2	48	山賊諸派／街道の見張り	VII 部族・辺境・その他	62×93mm	2:3	Copperplate engraving, line art only. Pure black ink on a plain white ground — no grey wash, no colour, no gradients. Tone is built solely from engraved hatching: parallel burin lines, cross-hatching at 54 degrees for the darker passages, a third pass at 108 degrees only for the darkest. Every line swells at its middle and tapers at both ends, as a burin cuts. No solid black areas — a copperplate has none. Light falls from the upper left in every plate. The density of the hatching is identical regardless of subject size. No lettering, no caption, no signature, no border, no frame, no vignette. Flat on the page, no paper texture, no ageing, no stains, no torn edges. A bust portrait, head and shoulders, cut off at the chest. Plain white ground behind. The face is fully drawn as a specific individual: eyes with visible irises and a defined direction of gaze, individual bone structure at the brow, nose and jaw, and a settled expression that reads as character rather than emotion. Age is rendered explicitly in the flesh — where the record notes an aged subject, the lines, hollows and slackness must be unmistakable. Subject: a human of the Imperial provinces, ordinary build, turned a quarter to the left. This is the face of a person in their thirties. a deep cloth hood, no visible hair, wearing a studded leather jerkin. Holding a bow, small, at the lower edge. Aspect ratio 2:3 (portrait).
人物図版	bandits-3	48	山賊諸派／没落した農民	VII 部族・辺境・その他	62×93mm	2:3	Copperplate engraving, line art only. Pure black ink on a plain white ground — no grey wash, no colour, no gradients. Tone is built solely from engraved hatching: parallel burin lines, cross-hatching at 54 degrees for the darker passages, a third pass at 108 degrees only for the darkest. Every line swells at its middle and tapers at both ends, as a burin cuts. No solid black areas — a copperplate has none. Light falls from the upper left in every plate. The density of the hatching is identical regardless of subject size. No lettering, no caption, no signature, no border, no frame, no vignette. Flat on the page, no paper texture, no ageing, no stains, no torn edges. A bust portrait, head and shoulders, cut off at the chest. Plain white ground behind. The face is fully drawn as a specific individual: eyes with visible irises and a defined direction of gaze, individual bone structure at the brow, nose and jaw, and a settled expression that reads as character rather than emotion. Age is rendered explicitly in the flesh — where the record notes an aged subject, the lines, hollows and slackness must be unmistakable. Subject: a human of the Imperial provinces, slight build, head slightly bowed. This is the face of a person in their fifties. bare-headed, short cropped hair, wearing a fur mantle over the shoulders. Aspect ratio 2:3 (portrait).
主図版	alduin	49	アルドゥインの竜群	VII 部族・辺境・その他	174×139.2mm	5:4	Copperplate engraving, line art only. Pure black ink on a plain white ground — no grey wash, no colour, no gradients. Tone is built solely from engraved hatching: parallel burin lines, cross-hatching at 54 degrees for the darker passages, a third pass at 108 degrees only for the darkest. Every line swells at its middle and tapers at both ends, as a burin cuts. No solid black areas — a copperplate has none. Light falls from the upper left in every plate. The density of the hatching is identical regardless of subject size. No lettering, no caption, no signature, no border, no frame, no vignette. Flat on the page, no paper texture, no ageing, no stains, no torn edges. A single architectural or landscape scene, viewed from a fixed middle distance. Horizon low. The structure occupies the middle third of the height. Human figures, where present, are small and unindividuated — they establish scale, nothing more. Subject: A barrow seen from above, a winged shape in the sky over it. Night. The sky is worked up with dense hatching; the ground stays light. No human figures at all. The absence is deliberate. Setting: a cold northern province — conifer forest, snow, stone and timber. Aspect ratio 5:4 (landscape).
人物図版	alduin-1	49	アルドゥインの竜群／アルドゥイン	VII 部族・辺境・その他	62×93mm	2:3	Copperplate engraving, line art only. Pure black ink on a plain white ground — no grey wash, no colour, no gradients. Tone is built solely from engraved hatching: parallel burin lines, cross-hatching at 54 degrees for the darker passages, a third pass at 108 degrees only for the darkest. Every line swells at its middle and tapers at both ends, as a burin cuts. No solid black areas — a copperplate has none. Light falls from the upper left in every plate. The density of the hatching is identical regardless of subject size. No lettering, no caption, no signature, no border, no frame, no vignette. Flat on the page, no paper texture, no ageing, no stains, no torn edges. A bust portrait, head and shoulders, cut off at the chest. Plain white ground behind. The face is fully drawn as a specific individual: eyes with visible irises and a defined direction of gaze, individual bone structure at the brow, nose and jaw, and a settled expression that reads as character rather than emotion. Age is rendered explicitly in the flesh — where the record notes an aged subject, the lines, hollows and slackness must be unmistakable. Subject: a reptilian argonian with a crested head, broad, heavy build, facing the viewer squarely. a horned iron helm, no visible hair, wearing a bare chest. Aspect ratio 2:3 (portrait).
人物図版	alduin-2	49	アルドゥインの竜群／オダハヴィーング	VII 部族・辺境・その他	62×93mm	2:3	Copperplate engraving, line art only. Pure black ink on a plain white ground — no grey wash, no colour, no gradients. Tone is built solely from engraved hatching: parallel burin lines, cross-hatching at 54 degrees for the darker passages, a third pass at 108 degrees only for the darkest. Every line swells at its middle and tapers at both ends, as a burin cuts. No solid black areas — a copperplate has none. Light falls from the upper left in every plate. The density of the hatching is identical regardless of subject size. No lettering, no caption, no signature, no border, no frame, no vignette. Flat on the page, no paper texture, no ageing, no stains, no torn edges. A bust portrait, head and shoulders, cut off at the chest. Plain white ground behind. The face is fully drawn as a specific individual: eyes with visible irises and a defined direction of gaze, individual bone structure at the brow, nose and jaw, and a settled expression that reads as character rather than emotion. Age is rendered explicitly in the flesh — where the record notes an aged subject, the lines, hollows and slackness must be unmistakable. Subject: a reptilian argonian with a crested head, broad, heavy build, turned a quarter to the left. a horned iron helm, no visible hair, wearing a bare chest. Aspect ratio 2:3 (portrait).
人物図版	alduin-3	49	アルドゥインの竜群／サーロクニル	VII 部族・辺境・その他	62×93mm	2:3	Copperplate engraving, line art only. Pure black ink on a plain white ground — no grey wash, no colour, no gradients. Tone is built solely from engraved hatching: parallel burin lines, cross-hatching at 54 degrees for the darker passages, a third pass at 108 degrees only for the darkest. Every line swells at its middle and tapers at both ends, as a burin cuts. No solid black areas — a copperplate has none. Light falls from the upper left in every plate. The density of the hatching is identical regardless of subject size. No lettering, no caption, no signature, no border, no frame, no vignette. Flat on the page, no paper texture, no ageing, no stains, no torn edges. A bust portrait, head and shoulders, cut off at the chest. Plain white ground behind. The face is fully drawn as a specific individual: eyes with visible irises and a defined direction of gaze, individual bone structure at the brow, nose and jaw, and a settled expression that reads as character rather than emotion. Age is rendered explicitly in the flesh — where the record notes an aged subject, the lines, hollows and slackness must be unmistakable. Subject: a reptilian argonian with a crested head, ordinary build, turned in profile to the left. a horned iron helm, no visible hair, wearing a bare chest. a scar across one cheek. Aspect ratio 2:3 (portrait).
主図版	holdHaafingar	50	ソリチュード	VIII 領邦・宮廷	174×139.2mm	5:4	Copperplate engraving, line art only. Pure black ink on a plain white ground — no grey wash, no colour, no gradients. Tone is built solely from engraved hatching: parallel burin lines, cross-hatching at 54 degrees for the darker passages, a third pass at 108 degrees only for the darkest. Every line swells at its middle and tapers at both ends, as a burin cuts. No solid black areas — a copperplate has none. Light falls from the upper left in every plate. The density of the hatching is identical regardless of subject size. No lettering, no caption, no signature, no border, no frame, no vignette. Flat on the page, no paper texture, no ageing, no stains, no torn edges. A single architectural or landscape scene, viewed from a fixed middle distance. Horizon low. The structure occupies the middle third of the height. Human figures, where present, are small and unindividuated — they establish scale, nothing more. Subject: A city built on top of a great natural stone arch, a ship passing beneath it, an ice-free harbour below. Setting: a cold northern province — conifer forest, snow, stone and timber. Aspect ratio 5:4 (landscape).
人物図版	holdHaafingar-1	50	ソリチュード／エリシフ	VIII 領邦・宮廷	62×93mm	2:3	Copperplate engraving, line art only. Pure black ink on a plain white ground — no grey wash, no colour, no gradients. Tone is built solely from engraved hatching: parallel burin lines, cross-hatching at 54 degrees for the darker passages, a third pass at 108 degrees only for the darkest. Every line swells at its middle and tapers at both ends, as a burin cuts. No solid black areas — a copperplate has none. Light falls from the upper left in every plate. The density of the hatching is identical regardless of subject size. No lettering, no caption, no signature, no border, no frame, no vignette. Flat on the page, no paper texture, no ageing, no stains, no torn edges. A bust portrait, head and shoulders, cut off at the chest. Plain white ground behind. The face is fully drawn as a specific individual: eyes with visible irises and a defined direction of gaze, individual bone structure at the brow, nose and jaw, and a settled expression that reads as character rather than emotion. Age is rendered explicitly in the flesh — where the record notes an aged subject, the lines, hollows and slackness must be unmistakable. Subject: a Nord of the northern province, slight build, facing the viewer squarely. This is the face of a person in their twenties. a thin metal circlet, long hair falling past the shoulders, wearing a heavy wool robe. Holding a wax seal on a cord, small, at the lower edge. Aspect ratio 2:3 (portrait).
人物図版	holdHaafingar-2	50	ソリチュード／ファルク・ファイアビアード	VIII 領邦・宮廷	62×93mm	2:3	Copperplate engraving, line art only. Pure black ink on a plain white ground — no grey wash, no colour, no gradients. Tone is built solely from engraved hatching: parallel burin lines, cross-hatching at 54 degrees for the darker passages, a third pass at 108 degrees only for the darkest. Every line swells at its middle and tapers at both ends, as a burin cuts. No solid black areas — a copperplate has none. Light falls from the upper left in every plate. The density of the hatching is identical regardless of subject size. No lettering, no caption, no signature, no border, no frame, no vignette. Flat on the page, no paper texture, no ageing, no stains, no torn edges. A bust portrait, head and shoulders, cut off at the chest. Plain white ground behind. The face is fully drawn as a specific individual: eyes with visible irises and a defined direction of gaze, individual bone structure at the brow, nose and jaw, and a settled expression that reads as character rather than emotion. Age is rendered explicitly in the flesh — where the record notes an aged subject, the lines, hollows and slackness must be unmistakable. Subject: a Nord of the northern province, ordinary build, turned a quarter to the left. This is the face of a person past seventy. bare-headed, long hair falling past the shoulders, wearing a heavy wool robe. Holding a bound ledger, small, at the lower edge. Aspect ratio 2:3 (portrait).
人物図版	holdHaafingar-3	50	ソリチュード／ボルガンヤ	VIII 領邦・宮廷	62×93mm	2:3	Copperplate engraving, line art only. Pure black ink on a plain white ground — no grey wash, no colour, no gradients. Tone is built solely from engraved hatching: parallel burin lines, cross-hatching at 54 degrees for the darker passages, a third pass at 108 degrees only for the darkest. Every line swells at its middle and tapers at both ends, as a burin cuts. No solid black areas — a copperplate has none. Light falls from the upper left in every plate. The density of the hatching is identical regardless of subject size. No lettering, no caption, no signature, no border, no frame, no vignette. Flat on the page, no paper texture, no ageing, no stains, no torn edges. A bust portrait, head and shoulders, cut off at the chest. Plain white ground behind. The face is fully drawn as a specific individual: eyes with visible irises and a defined direction of gaze, individual bone structure at the brow, nose and jaw, and a settled expression that reads as character rather than emotion. Age is rendered explicitly in the flesh — where the record notes an aged subject, the lines, hollows and slackness must be unmistakable. Subject: a Nord of the northern province, broad, heavy build, turned in profile to the left. This is the face of a person in their thirties. bare-headed, a single heavy braid, wearing plate armour over a gambeson. a scar across one cheek. Holding a straight sword held upright before the chest, small, at the lower edge. Aspect ratio 2:3 (portrait).
主図版	holdEastmarch	51	ウィンドヘルム	VIII 領邦・宮廷	174×139.2mm	5:4	Copperplate engraving, line art only. Pure black ink on a plain white ground — no grey wash, no colour, no gradients. Tone is built solely from engraved hatching: parallel burin lines, cross-hatching at 54 degrees for the darker passages, a third pass at 108 degrees only for the darkest. Every line swells at its middle and tapers at both ends, as a burin cuts. No solid black areas — a copperplate has none. Light falls from the upper left in every plate. The density of the hatching is identical regardless of subject size. No lettering, no caption, no signature, no border, no frame, no vignette. Flat on the page, no paper texture, no ageing, no stains, no torn edges. A single architectural or landscape scene, viewed from a fixed middle distance. Horizon low. The structure occupies the middle third of the height. Human figures, where present, are small and unindividuated — they establish scale, nothing more. Subject: A palace hall in a stone city; the lower courses of the city wall visibly the oldest masonry present. Setting: a cold northern province — conifer forest, snow, stone and timber. Aspect ratio 5:4 (landscape).
人物図版	holdEastmarch-1	51	ウィンドヘルム／ウルフリック	VIII 領邦・宮廷	62×93mm	2:3	Copperplate engraving, line art only. Pure black ink on a plain white ground — no grey wash, no colour, no gradients. Tone is built solely from engraved hatching: parallel burin lines, cross-hatching at 54 degrees for the darker passages, a third pass at 108 degrees only for the darkest. Every line swells at its middle and tapers at both ends, as a burin cuts. No solid black areas — a copperplate has none. Light falls from the upper left in every plate. The density of the hatching is identical regardless of subject size. No lettering, no caption, no signature, no border, no frame, no vignette. Flat on the page, no paper texture, no ageing, no stains, no torn edges. A bust portrait, head and shoulders, cut off at the chest. Plain white ground behind. The face is fully drawn as a specific individual: eyes with visible irises and a defined direction of gaze, individual bone structure at the brow, nose and jaw, and a settled expression that reads as character rather than emotion. Age is rendered explicitly in the flesh — where the record notes an aged subject, the lines, hollows and slackness must be unmistakable. Subject: a Nord of the northern province, broad, heavy build, facing the viewer squarely. This is the face of a person in their forties. bare-headed, long hair falling past the shoulders, wearing a fur mantle over the shoulders. a scar across one cheek. Holding a war axe, small, at the lower edge. Aspect ratio 2:3 (portrait).
人物図版	holdEastmarch-2	51	ウィンドヘルム／ヨルレイフ	VIII 領邦・宮廷	62×93mm	2:3	Copperplate engraving, line art only. Pure black ink on a plain white ground — no grey wash, no colour, no gradients. Tone is built solely from engraved hatching: parallel burin lines, cross-hatching at 54 degrees for the darker passages, a third pass at 108 degrees only for the darkest. Every line swells at its middle and tapers at both ends, as a burin cuts. No solid black areas — a copperplate has none. Light falls from the upper left in every plate. The density of the hatching is identical regardless of subject size. No lettering, no caption, no signature, no border, no frame, no vignette. Flat on the page, no paper texture, no ageing, no stains, no torn edges. A bust portrait, head and shoulders, cut off at the chest. Plain white ground behind. The face is fully drawn as a specific individual: eyes with visible irises and a defined direction of gaze, individual bone structure at the brow, nose and jaw, and a settled expression that reads as character rather than emotion. Age is rendered explicitly in the flesh — where the record notes an aged subject, the lines, hollows and slackness must be unmistakable. Subject: a Nord of the northern province, ordinary build, turned a quarter to the left. This is the face of a person in their fifties. bare-headed, short cropped hair, wearing a heavy wool robe. Holding a bound ledger, small, at the lower edge. Aspect ratio 2:3 (portrait).
人物図版	holdEastmarch-3	51	ウィンドヘルム／ガルマル	VIII 領邦・宮廷	62×93mm	2:3	Copperplate engraving, line art only. Pure black ink on a plain white ground — no grey wash, no colour, no gradients. Tone is built solely from engraved hatching: parallel burin lines, cross-hatching at 54 degrees for the darker passages, a third pass at 108 degrees only for the darkest. Every line swells at its middle and tapers at both ends, as a burin cuts. No solid black areas — a copperplate has none. Light falls from the upper left in every plate. The density of the hatching is identical regardless of subject size. No lettering, no caption, no signature, no border, no frame, no vignette. Flat on the page, no paper texture, no ageing, no stains, no torn edges. A bust portrait, head and shoulders, cut off at the chest. Plain white ground behind. The face is fully drawn as a specific individual: eyes with visible irises and a defined direction of gaze, individual bone structure at the brow, nose and jaw, and a settled expression that reads as character rather than emotion. Age is rendered explicitly in the flesh — where the record notes an aged subject, the lines, hollows and slackness must be unmistakable. Subject: a Nord of the northern province, broad, heavy build, turned in profile to the left. This is the face of a person past sixty. a plain iron helm, long hair falling past the shoulders, wearing plate armour over a gambeson. a leather patch over one eye. Holding a war hammer, small, at the lower edge. Aspect ratio 2:3 (portrait).
主図版	holdWhiterun	52	ホワイトラン	VIII 領邦・宮廷	174×139.2mm	5:4	Copperplate engraving, line art only. Pure black ink on a plain white ground — no grey wash, no colour, no gradients. Tone is built solely from engraved hatching: parallel burin lines, cross-hatching at 54 degrees for the darker passages, a third pass at 108 degrees only for the darkest. Every line swells at its middle and tapers at both ends, as a burin cuts. No solid black areas — a copperplate has none. Light falls from the upper left in every plate. The density of the hatching is identical regardless of subject size. No lettering, no caption, no signature, no border, no frame, no vignette. Flat on the page, no paper texture, no ageing, no stains, no torn edges. A single architectural or landscape scene, viewed from a fixed middle distance. Horizon low. The structure occupies the middle third of the height. Human figures, where present, are small and unindividuated — they establish scale, nothing more. Subject: A hill rising from an open plain, a great hall at its summit, roads converging from every direction. Setting: a cold northern province — conifer forest, snow, stone and timber. Aspect ratio 5:4 (landscape).
人物図版	holdWhiterun-1	52	ホワイトラン／バルグルーフ	VIII 領邦・宮廷	62×93mm	2:3	Copperplate engraving, line art only. Pure black ink on a plain white ground — no grey wash, no colour, no gradients. Tone is built solely from engraved hatching: parallel burin lines, cross-hatching at 54 degrees for the darker passages, a third pass at 108 degrees only for the darkest. Every line swells at its middle and tapers at both ends, as a burin cuts. No solid black areas — a copperplate has none. Light falls from the upper left in every plate. The density of the hatching is identical regardless of subject size. No lettering, no caption, no signature, no border, no frame, no vignette. Flat on the page, no paper texture, no ageing, no stains, no torn edges. A bust portrait, head and shoulders, cut off at the chest. Plain white ground behind. The face is fully drawn as a specific individual: eyes with visible irises and a defined direction of gaze, individual bone structure at the brow, nose and jaw, and a settled expression that reads as character rather than emotion. Age is rendered explicitly in the flesh — where the record notes an aged subject, the lines, hollows and slackness must be unmistakable. Subject: a Nord of the northern province, broad, heavy build, facing the viewer squarely. This is the face of a person in their fifties. bare-headed, long hair falling past the shoulders, wearing a fur mantle over the shoulders. Holding a plain circlet crown, small, at the lower edge. Aspect ratio 2:3 (portrait).
人物図版	holdWhiterun-2	52	ホワイトラン／プロヴェントゥス・アヴェニッチ	VIII 領邦・宮廷	62×93mm	2:3	Copperplate engraving, line art only. Pure black ink on a plain white ground — no grey wash, no colour, no gradients. Tone is built solely from engraved hatching: parallel burin lines, cross-hatching at 54 degrees for the darker passages, a third pass at 108 degrees only for the darkest. Every line swells at its middle and tapers at both ends, as a burin cuts. No solid black areas — a copperplate has none. Light falls from the upper left in every plate. The density of the hatching is identical regardless of subject size. No lettering, no caption, no signature, no border, no frame, no vignette. Flat on the page, no paper texture, no ageing, no stains, no torn edges. A bust portrait, head and shoulders, cut off at the chest. Plain white ground behind. The face is fully drawn as a specific individual: eyes with visible irises and a defined direction of gaze, individual bone structure at the brow, nose and jaw, and a settled expression that reads as character rather than emotion. Age is rendered explicitly in the flesh — where the record notes an aged subject, the lines, hollows and slackness must be unmistakable. Subject: a human of the Imperial provinces, slight build, turned a quarter to the left. This is the face of a person past sixty. bare-headed, short cropped hair, wearing a heavy wool robe. Holding a quill pen, small, at the lower edge. Aspect ratio 2:3 (portrait).
人物図版	holdWhiterun-3	52	ホワイトラン／イリレス	VIII 領邦・宮廷	62×93mm	2:3	Copperplate engraving, line art only. Pure black ink on a plain white ground — no grey wash, no colour, no gradients. Tone is built solely from engraved hatching: parallel burin lines, cross-hatching at 54 degrees for the darker passages, a third pass at 108 degrees only for the darkest. Every line swells at its middle and tapers at both ends, as a burin cuts. No solid black areas — a copperplate has none. Light falls from the upper left in every plate. The density of the hatching is identical regardless of subject size. No lettering, no caption, no signature, no border, no frame, no vignette. Flat on the page, no paper texture, no ageing, no stains, no torn edges. A bust portrait, head and shoulders, cut off at the chest. Plain white ground behind. The face is fully drawn as a specific individual: eyes with visible irises and a defined direction of gaze, individual bone structure at the brow, nose and jaw, and a settled expression that reads as character rather than emotion. Age is rendered explicitly in the flesh — where the record notes an aged subject, the lines, hollows and slackness must be unmistakable. Subject: a tall elf with long pointed ears, ordinary build, turned in profile to the left. This is the face of a person in their forties. bare-headed, a single heavy braid, wearing plate armour over a gambeson. Holding a straight sword held upright before the chest, small, at the lower edge. Aspect ratio 2:3 (portrait).
主図版	holdReach	53	マルカルス	VIII 領邦・宮廷	174×139.2mm	5:4	Copperplate engraving, line art only. Pure black ink on a plain white ground — no grey wash, no colour, no gradients. Tone is built solely from engraved hatching: parallel burin lines, cross-hatching at 54 degrees for the darker passages, a third pass at 108 degrees only for the darkest. Every line swells at its middle and tapers at both ends, as a burin cuts. No solid black areas — a copperplate has none. Light falls from the upper left in every plate. The density of the hatching is identical regardless of subject size. No lettering, no caption, no signature, no border, no frame, no vignette. Flat on the page, no paper texture, no ageing, no stains, no torn edges. A single architectural or landscape scene, viewed from a fixed middle distance. Horizon low. The structure occupies the middle third of the height. Human figures, where present, are small and unindividuated — they establish scale, nothing more. Subject: A city carved into the walls of a gorge; its stairs and aqueducts plainly not built by those who live there. Setting: a cold northern province — conifer forest, snow, stone and timber. Aspect ratio 5:4 (landscape).
人物図版	holdReach-1	53	マルカルス／イグムンド	VIII 領邦・宮廷	62×93mm	2:3	Copperplate engraving, line art only. Pure black ink on a plain white ground — no grey wash, no colour, no gradients. Tone is built solely from engraved hatching: parallel burin lines, cross-hatching at 54 degrees for the darker passages, a third pass at 108 degrees only for the darkest. Every line swells at its middle and tapers at both ends, as a burin cuts. No solid black areas — a copperplate has none. Light falls from the upper left in every plate. The density of the hatching is identical regardless of subject size. No lettering, no caption, no signature, no border, no frame, no vignette. Flat on the page, no paper texture, no ageing, no stains, no torn edges. A bust portrait, head and shoulders, cut off at the chest. Plain white ground behind. The face is fully drawn as a specific individual: eyes with visible irises and a defined direction of gaze, individual bone structure at the brow, nose and jaw, and a settled expression that reads as character rather than emotion. Age is rendered explicitly in the flesh — where the record notes an aged subject, the lines, hollows and slackness must be unmistakable. Subject: a Nord of the northern province, slight build, facing the viewer squarely. This is the face of a person in their thirties. a thin metal circlet, short cropped hair, wearing a heavy wool robe. Holding a wax seal on a cord, small, at the lower edge. Aspect ratio 2:3 (portrait).
人物図版	holdReach-2	53	マルカルス／ラガタール	VIII 領邦・宮廷	62×93mm	2:3	Copperplate engraving, line art only. Pure black ink on a plain white ground — no grey wash, no colour, no gradients. Tone is built solely from engraved hatching: parallel burin lines, cross-hatching at 54 degrees for the darker passages, a third pass at 108 degrees only for the darkest. Every line swells at its middle and tapers at both ends, as a burin cuts. No solid black areas — a copperplate has none. Light falls from the upper left in every plate. The density of the hatching is identical regardless of subject size. No lettering, no caption, no signature, no border, no frame, no vignette. Flat on the page, no paper texture, no ageing, no stains, no torn edges. A bust portrait, head and shoulders, cut off at the chest. Plain white ground behind. The face is fully drawn as a specific individual: eyes with visible irises and a defined direction of gaze, individual bone structure at the brow, nose and jaw, and a settled expression that reads as character rather than emotion. Age is rendered explicitly in the flesh — where the record notes an aged subject, the lines, hollows and slackness must be unmistakable. Subject: an orc with a heavy jaw and lower tusks, broad, heavy build, turned in profile to the left. This is the face of a person in their forties. bare-headed, hair gathered into a topknot, wearing plate armour over a gambeson. a scar across one cheek. Holding a mace, small, at the lower edge. Aspect ratio 2:3 (portrait).
人物図版	holdReach-3	53	マルカルス／カルセルモ	VIII 領邦・宮廷	62×93mm	2:3	Copperplate engraving, line art only. Pure black ink on a plain white ground — no grey wash, no colour, no gradients. Tone is built solely from engraved hatching: parallel burin lines, cross-hatching at 54 degrees for the darker passages, a third pass at 108 degrees only for the darkest. Every line swells at its middle and tapers at both ends, as a burin cuts. No solid black areas — a copperplate has none. Light falls from the upper left in every plate. The density of the hatching is identical regardless of subject size. No lettering, no caption, no signature, no border, no frame, no vignette. Flat on the page, no paper texture, no ageing, no stains, no torn edges. A bust portrait, head and shoulders, cut off at the chest. Plain white ground behind. The face is fully drawn as a specific individual: eyes with visible irises and a defined direction of gaze, individual bone structure at the brow, nose and jaw, and a settled expression that reads as character rather than emotion. Age is rendered explicitly in the flesh — where the record notes an aged subject, the lines, hollows and slackness must be unmistakable. Subject: a tall elf with long pointed ears, slight build, turned a quarter to the left. This is the face of a person past seventy. bare-headed, no visible hair, wearing a heavy wool robe. Holding a stone tablet, small, at the lower edge. Aspect ratio 2:3 (portrait).
主図版	holdRift	54	リフテン	VIII 領邦・宮廷	174×139.2mm	5:4	Copperplate engraving, line art only. Pure black ink on a plain white ground — no grey wash, no colour, no gradients. Tone is built solely from engraved hatching: parallel burin lines, cross-hatching at 54 degrees for the darker passages, a third pass at 108 degrees only for the darkest. Every line swells at its middle and tapers at both ends, as a burin cuts. No solid black areas — a copperplate has none. Light falls from the upper left in every plate. The density of the hatching is identical regardless of subject size. No lettering, no caption, no signature, no border, no frame, no vignette. Flat on the page, no paper texture, no ageing, no stains, no torn edges. A single architectural or landscape scene, viewed from a fixed middle distance. Horizon low. The structure occupies the middle third of the height. Human figures, where present, are small and unindividuated — they establish scale, nothing more. Subject: A city built on piles along a lake shore, canals running through the streets. Setting: a cold northern province — conifer forest, snow, stone and timber. Aspect ratio 5:4 (landscape).
人物図版	holdRift-1	54	リフテン／ラエロフ	VIII 領邦・宮廷	62×93mm	2:3	Copperplate engraving, line art only. Pure black ink on a plain white ground — no grey wash, no colour, no gradients. Tone is built solely from engraved hatching: parallel burin lines, cross-hatching at 54 degrees for the darker passages, a third pass at 108 degrees only for the darkest. Every line swells at its middle and tapers at both ends, as a burin cuts. No solid black areas — a copperplate has none. Light falls from the upper left in every plate. The density of the hatching is identical regardless of subject size. No lettering, no caption, no signature, no border, no frame, no vignette. Flat on the page, no paper texture, no ageing, no stains, no torn edges. A bust portrait, head and shoulders, cut off at the chest. Plain white ground behind. The face is fully drawn as a specific individual: eyes with visible irises and a defined direction of gaze, individual bone structure at the brow, nose and jaw, and a settled expression that reads as character rather than emotion. Age is rendered explicitly in the flesh — where the record notes an aged subject, the lines, hollows and slackness must be unmistakable. Subject: a Nord of the northern province, ordinary build, facing the viewer squarely. This is the face of a person past sixty. a thin metal circlet, long hair falling past the shoulders, wearing a heavy wool robe. Holding a wax seal on a cord, small, at the lower edge. Aspect ratio 2:3 (portrait).
人物図版	holdRift-2	54	リフテン／アニュース	VIII 領邦・宮廷	62×93mm	2:3	Copperplate engraving, line art only. Pure black ink on a plain white ground — no grey wash, no colour, no gradients. Tone is built solely from engraved hatching: parallel burin lines, cross-hatching at 54 degrees for the darker passages, a third pass at 108 degrees only for the darkest. Every line swells at its middle and tapers at both ends, as a burin cuts. No solid black areas — a copperplate has none. Light falls from the upper left in every plate. The density of the hatching is identical regardless of subject size. No lettering, no caption, no signature, no border, no frame, no vignette. Flat on the page, no paper texture, no ageing, no stains, no torn edges. A bust portrait, head and shoulders, cut off at the chest. Plain white ground behind. The face is fully drawn as a specific individual: eyes with visible irises and a defined direction of gaze, individual bone structure at the brow, nose and jaw, and a settled expression that reads as character rather than emotion. Age is rendered explicitly in the flesh — where the record notes an aged subject, the lines, hollows and slackness must be unmistakable. Subject: a Nord of the northern province, slight build, turned a quarter to the left. This is the face of a person in their fifties. bare-headed, short cropped hair, wearing a heavy wool robe. Holding a bound ledger, small, at the lower edge. Aspect ratio 2:3 (portrait).
人物図版	holdRift-3	54	リフテン／ハームフリッド	VIII 領邦・宮廷	62×93mm	2:3	Copperplate engraving, line art only. Pure black ink on a plain white ground — no grey wash, no colour, no gradients. Tone is built solely from engraved hatching: parallel burin lines, cross-hatching at 54 degrees for the darker passages, a third pass at 108 degrees only for the darkest. Every line swells at its middle and tapers at both ends, as a burin cuts. No solid black areas — a copperplate has none. Light falls from the upper left in every plate. The density of the hatching is identical regardless of subject size. No lettering, no caption, no signature, no border, no frame, no vignette. Flat on the page, no paper texture, no ageing, no stains, no torn edges. A bust portrait, head and shoulders, cut off at the chest. Plain white ground behind. The face is fully drawn as a specific individual: eyes with visible irises and a defined direction of gaze, individual bone structure at the brow, nose and jaw, and a settled expression that reads as character rather than emotion. Age is rendered explicitly in the flesh — where the record notes an aged subject, the lines, hollows and slackness must be unmistakable. Subject: a Nord of the northern province, broad, heavy build, turned in profile to the left. This is the face of a person in their fifties. bare-headed, long hair falling past the shoulders, wearing a mail shirt. Holding a hooded lantern, small, at the lower edge. Aspect ratio 2:3 (portrait).
主図版	holdFalkreath	55	ファルクリース	VIII 領邦・宮廷	174×139.2mm	5:4	Copperplate engraving, line art only. Pure black ink on a plain white ground — no grey wash, no colour, no gradients. Tone is built solely from engraved hatching: parallel burin lines, cross-hatching at 54 degrees for the darker passages, a third pass at 108 degrees only for the darkest. Every line swells at its middle and tapers at both ends, as a burin cuts. No solid black areas — a copperplate has none. Light falls from the upper left in every plate. The density of the hatching is identical regardless of subject size. No lettering, no caption, no signature, no border, no frame, no vignette. Flat on the page, no paper texture, no ageing, no stains, no torn edges. A single architectural or landscape scene, viewed from a fixed middle distance. Horizon low. The structure occupies the middle third of the height. Human figures, where present, are small and unindividuated — they establish scale, nothing more. Subject: A graveyard opened in a conifer forest, new plots still being added. Setting: a cold northern province — conifer forest, snow, stone and timber. Aspect ratio 5:4 (landscape).
人物図版	holdFalkreath-1	55	ファルクリース／シッドゲイル	VIII 領邦・宮廷	62×93mm	2:3	Copperplate engraving, line art only. Pure black ink on a plain white ground — no grey wash, no colour, no gradients. Tone is built solely from engraved hatching: parallel burin lines, cross-hatching at 54 degrees for the darker passages, a third pass at 108 degrees only for the darkest. Every line swells at its middle and tapers at both ends, as a burin cuts. No solid black areas — a copperplate has none. Light falls from the upper left in every plate. The density of the hatching is identical regardless of subject size. No lettering, no caption, no signature, no border, no frame, no vignette. Flat on the page, no paper texture, no ageing, no stains, no torn edges. A bust portrait, head and shoulders, cut off at the chest. Plain white ground behind. The face is fully drawn as a specific individual: eyes with visible irises and a defined direction of gaze, individual bone structure at the brow, nose and jaw, and a settled expression that reads as character rather than emotion. Age is rendered explicitly in the flesh — where the record notes an aged subject, the lines, hollows and slackness must be unmistakable. Subject: a Nord of the northern province, ordinary build, facing the viewer squarely. This is the face of a person in their fifties. bare-headed, short cropped hair, wearing a fur mantle over the shoulders. Holding a wax seal on a cord, small, at the lower edge. Aspect ratio 2:3 (portrait).
人物図版	holdFalkreath-2	55	ファルクリース／ネンヤ	VIII 領邦・宮廷	62×93mm	2:3	Copperplate engraving, line art only. Pure black ink on a plain white ground — no grey wash, no colour, no gradients. Tone is built solely from engraved hatching: parallel burin lines, cross-hatching at 54 degrees for the darker passages, a third pass at 108 degrees only for the darkest. Every line swells at its middle and tapers at both ends, as a burin cuts. No solid black areas — a copperplate has none. Light falls from the upper left in every plate. The density of the hatching is identical regardless of subject size. No lettering, no caption, no signature, no border, no frame, no vignette. Flat on the page, no paper texture, no ageing, no stains, no torn edges. A bust portrait, head and shoulders, cut off at the chest. Plain white ground behind. The face is fully drawn as a specific individual: eyes with visible irises and a defined direction of gaze, individual bone structure at the brow, nose and jaw, and a settled expression that reads as character rather than emotion. Age is rendered explicitly in the flesh — where the record notes an aged subject, the lines, hollows and slackness must be unmistakable. Subject: a tall elf with long pointed ears, slight build, turned a quarter to the left. This is the face of a person in their forties. bare-headed, long hair falling past the shoulders, wearing a heavy wool robe. Holding a quill pen, small, at the lower edge. Aspect ratio 2:3 (portrait).
人物図版	holdFalkreath-3	55	ファルクリース／ルーンイル	VIII 領邦・宮廷	62×93mm	2:3	Copperplate engraving, line art only. Pure black ink on a plain white ground — no grey wash, no colour, no gradients. Tone is built solely from engraved hatching: parallel burin lines, cross-hatching at 54 degrees for the darker passages, a third pass at 108 degrees only for the darkest. Every line swells at its middle and tapers at both ends, as a burin cuts. No solid black areas — a copperplate has none. Light falls from the upper left in every plate. The density of the hatching is identical regardless of subject size. No lettering, no caption, no signature, no border, no frame, no vignette. Flat on the page, no paper texture, no ageing, no stains, no torn edges. A bust portrait, head and shoulders, cut off at the chest. Plain white ground behind. The face is fully drawn as a specific individual: eyes with visible irises and a defined direction of gaze, individual bone structure at the brow, nose and jaw, and a settled expression that reads as character rather than emotion. Age is rendered explicitly in the flesh — where the record notes an aged subject, the lines, hollows and slackness must be unmistakable. Subject: a Nord of the northern province, ordinary build, head slightly bowed. This is the face of a person past seventy. a deep cloth hood, no visible hair, wearing a heavy wool robe. Holding a lit candle, small, at the lower edge. Aspect ratio 2:3 (portrait).
主図版	holdPale	56	ドーンスター	VIII 領邦・宮廷	174×139.2mm	5:4	Copperplate engraving, line art only. Pure black ink on a plain white ground — no grey wash, no colour, no gradients. Tone is built solely from engraved hatching: parallel burin lines, cross-hatching at 54 degrees for the darker passages, a third pass at 108 degrees only for the darkest. Every line swells at its middle and tapers at both ends, as a burin cuts. No solid black areas — a copperplate has none. Light falls from the upper left in every plate. The density of the hatching is identical regardless of subject size. No lettering, no caption, no signature, no border, no frame, no vignette. Flat on the page, no paper texture, no ageing, no stains, no torn edges. A single architectural or landscape scene, viewed from a fixed middle distance. Horizon low. The structure occupies the middle third of the height. Human figures, where present, are small and unindividuated — they establish scale, nothing more. Subject: A small northern harbour free of ice, with a mine head above the town. Night. The sky is worked up with dense hatching; the ground stays light. Setting: a cold northern province — conifer forest, snow, stone and timber. Aspect ratio 5:4 (landscape).
人物図版	holdPale-1	56	ドーンスター／スカルド	VIII 領邦・宮廷	62×93mm	2:3	Copperplate engraving, line art only. Pure black ink on a plain white ground — no grey wash, no colour, no gradients. Tone is built solely from engraved hatching: parallel burin lines, cross-hatching at 54 degrees for the darker passages, a third pass at 108 degrees only for the darkest. Every line swells at its middle and tapers at both ends, as a burin cuts. No solid black areas — a copperplate has none. Light falls from the upper left in every plate. The density of the hatching is identical regardless of subject size. No lettering, no caption, no signature, no border, no frame, no vignette. Flat on the page, no paper texture, no ageing, no stains, no torn edges. A bust portrait, head and shoulders, cut off at the chest. Plain white ground behind. The face is fully drawn as a specific individual: eyes with visible irises and a defined direction of gaze, individual bone structure at the brow, nose and jaw, and a settled expression that reads as character rather than emotion. Age is rendered explicitly in the flesh — where the record notes an aged subject, the lines, hollows and slackness must be unmistakable. Subject: a Nord of the northern province, broad, heavy build, facing the viewer squarely. This is the face of a person past seventy. bare-headed, long hair falling past the shoulders, wearing a fur mantle over the shoulders. Holding a war axe, small, at the lower edge. Aspect ratio 2:3 (portrait).
人物図版	holdPale-2	56	ドーンスター／ヨッド	VIII 領邦・宮廷	62×93mm	2:3	Copperplate engraving, line art only. Pure black ink on a plain white ground — no grey wash, no colour, no gradients. Tone is built solely from engraved hatching: parallel burin lines, cross-hatching at 54 degrees for the darker passages, a third pass at 108 degrees only for the darkest. Every line swells at its middle and tapers at both ends, as a burin cuts. No solid black areas — a copperplate has none. Light falls from the upper left in every plate. The density of the hatching is identical regardless of subject size. No lettering, no caption, no signature, no border, no frame, no vignette. Flat on the page, no paper texture, no ageing, no stains, no torn edges. A bust portrait, head and shoulders, cut off at the chest. Plain white ground behind. The face is fully drawn as a specific individual: eyes with visible irises and a defined direction of gaze, individual bone structure at the brow, nose and jaw, and a settled expression that reads as character rather than emotion. Age is rendered explicitly in the flesh — where the record notes an aged subject, the lines, hollows and slackness must be unmistakable. Subject: a Nord of the northern province, ordinary build, turned a quarter to the left. This is the face of a person in their fifties. bare-headed, short cropped hair, wearing a heavy wool robe. Holding a bound ledger, small, at the lower edge. Aspect ratio 2:3 (portrait).
人物図版	holdPale-3	56	ドーンスター／フルーキ	VIII 領邦・宮廷	62×93mm	2:3	Copperplate engraving, line art only. Pure black ink on a plain white ground — no grey wash, no colour, no gradients. Tone is built solely from engraved hatching: parallel burin lines, cross-hatching at 54 degrees for the darker passages, a third pass at 108 degrees only for the darkest. Every line swells at its middle and tapers at both ends, as a burin cuts. No solid black areas — a copperplate has none. Light falls from the upper left in every plate. The density of the hatching is identical regardless of subject size. No lettering, no caption, no signature, no border, no frame, no vignette. Flat on the page, no paper texture, no ageing, no stains, no torn edges. A bust portrait, head and shoulders, cut off at the chest. Plain white ground behind. The face is fully drawn as a specific individual: eyes with visible irises and a defined direction of gaze, individual bone structure at the brow, nose and jaw, and a settled expression that reads as character rather than emotion. Age is rendered explicitly in the flesh — where the record notes an aged subject, the lines, hollows and slackness must be unmistakable. Subject: a Nord of the northern province, slight build, head slightly bowed. This is the face of a person past sixty. a deep cloth hood, long hair falling past the shoulders, wearing a heavy wool robe. Holding a small glass phial, small, at the lower edge. Aspect ratio 2:3 (portrait).
主図版	holdWinterhold	57	ウィンターホールド	VIII 領邦・宮廷	174×139.2mm	5:4	Copperplate engraving, line art only. Pure black ink on a plain white ground — no grey wash, no colour, no gradients. Tone is built solely from engraved hatching: parallel burin lines, cross-hatching at 54 degrees for the darker passages, a third pass at 108 degrees only for the darkest. Every line swells at its middle and tapers at both ends, as a burin cuts. No solid black areas — a copperplate has none. Light falls from the upper left in every plate. The density of the hatching is identical regardless of subject size. No lettering, no caption, no signature, no border, no frame, no vignette. Flat on the page, no paper texture, no ageing, no stains, no torn edges. A single architectural or landscape scene, viewed from a fixed middle distance. Horizon low. The structure occupies the middle third of the height. Human figures, where present, are small and unindividuated — they establish scale, nothing more. Subject: The remains of a town after a collapse: a few houses, and a bridge running out over the sea. No human figures at all. The absence is deliberate. Setting: a cold northern province — conifer forest, snow, stone and timber. Aspect ratio 5:4 (landscape).
人物図版	holdWinterhold-1	57	ウィンターホールド／コルジール	VIII 領邦・宮廷	62×93mm	2:3	Copperplate engraving, line art only. Pure black ink on a plain white ground — no grey wash, no colour, no gradients. Tone is built solely from engraved hatching: parallel burin lines, cross-hatching at 54 degrees for the darker passages, a third pass at 108 degrees only for the darkest. Every line swells at its middle and tapers at both ends, as a burin cuts. No solid black areas — a copperplate has none. Light falls from the upper left in every plate. The density of the hatching is identical regardless of subject size. No lettering, no caption, no signature, no border, no frame, no vignette. Flat on the page, no paper texture, no ageing, no stains, no torn edges. A bust portrait, head and shoulders, cut off at the chest. Plain white ground behind. The face is fully drawn as a specific individual: eyes with visible irises and a defined direction of gaze, individual bone structure at the brow, nose and jaw, and a settled expression that reads as character rather than emotion. Age is rendered explicitly in the flesh — where the record notes an aged subject, the lines, hollows and slackness must be unmistakable. Subject: a Nord of the northern province, ordinary build, facing the viewer squarely. This is the face of a person past sixty. bare-headed, long hair falling past the shoulders, wearing a fur mantle over the shoulders. Holding a chalice, small, at the lower edge. Aspect ratio 2:3 (portrait).
人物図版	holdWinterhold-2	57	ウィンターホールド／マルール・セレス	VIII 領邦・宮廷	62×93mm	2:3	Copperplate engraving, line art only. Pure black ink on a plain white ground — no grey wash, no colour, no gradients. Tone is built solely from engraved hatching: parallel burin lines, cross-hatching at 54 degrees for the darker passages, a third pass at 108 degrees only for the darkest. Every line swells at its middle and tapers at both ends, as a burin cuts. No solid black areas — a copperplate has none. Light falls from the upper left in every plate. The density of the hatching is identical regardless of subject size. No lettering, no caption, no signature, no border, no frame, no vignette. Flat on the page, no paper texture, no ageing, no stains, no torn edges. A bust portrait, head and shoulders, cut off at the chest. Plain white ground behind. The face is fully drawn as a specific individual: eyes with visible irises and a defined direction of gaze, individual bone structure at the brow, nose and jaw, and a settled expression that reads as character rather than emotion. Age is rendered explicitly in the flesh — where the record notes an aged subject, the lines, hollows and slackness must be unmistakable. Subject: a tall elf with long pointed ears, slight build, turned a quarter to the left. This is the face of a person in their fifties. bare-headed, short cropped hair, wearing a heavy wool robe. Holding a bound ledger, small, at the lower edge. Aspect ratio 2:3 (portrait).
人物図版	holdWinterhold-3	57	ウィンターホールド／トナル	VIII 領邦・宮廷	62×93mm	2:3	Copperplate engraving, line art only. Pure black ink on a plain white ground — no grey wash, no colour, no gradients. Tone is built solely from engraved hatching: parallel burin lines, cross-hatching at 54 degrees for the darker passages, a third pass at 108 degrees only for the darkest. Every line swells at its middle and tapers at both ends, as a burin cuts. No solid black areas — a copperplate has none. Light falls from the upper left in every plate. The density of the hatching is identical regardless of subject size. No lettering, no caption, no signature, no border, no frame, no vignette. Flat on the page, no paper texture, no ageing, no stains, no torn edges. A bust portrait, head and shoulders, cut off at the chest. Plain white ground behind. The face is fully drawn as a specific individual: eyes with visible irises and a defined direction of gaze, individual bone structure at the brow, nose and jaw, and a settled expression that reads as character rather than emotion. Age is rendered explicitly in the flesh — where the record notes an aged subject, the lines, hollows and slackness must be unmistakable. Subject: a Nord of the northern province, ordinary build, turned in profile to the left. This is the face of a person in their forties. a plain iron helm, short cropped hair, wearing a mail shirt. Holding a spear, small, at the lower edge. Aspect ratio 2:3 (portrait).
主図版	holdHjaalmarch	58	モーサル	VIII 領邦・宮廷	174×139.2mm	5:4	Copperplate engraving, line art only. Pure black ink on a plain white ground — no grey wash, no colour, no gradients. Tone is built solely from engraved hatching: parallel burin lines, cross-hatching at 54 degrees for the darker passages, a third pass at 108 degrees only for the darkest. Every line swells at its middle and tapers at both ends, as a burin cuts. No solid black areas — a copperplate has none. Light falls from the upper left in every plate. The density of the hatching is identical regardless of subject size. No lettering, no caption, no signature, no border, no frame, no vignette. Flat on the page, no paper texture, no ageing, no stains, no torn edges. A single architectural or landscape scene, viewed from a fixed middle distance. Horizon low. The structure occupies the middle third of the height. Human figures, where present, are small and unindividuated — they establish scale, nothing more. Subject: A timber settlement raised on piles above salt marsh. Setting: a cold northern province — conifer forest, snow, stone and timber. Aspect ratio 5:4 (landscape).
人物図版	holdHjaalmarch-1	58	モーサル／イドグロッド	VIII 領邦・宮廷	62×93mm	2:3	Copperplate engraving, line art only. Pure black ink on a plain white ground — no grey wash, no colour, no gradients. Tone is built solely from engraved hatching: parallel burin lines, cross-hatching at 54 degrees for the darker passages, a third pass at 108 degrees only for the darkest. Every line swells at its middle and tapers at both ends, as a burin cuts. No solid black areas — a copperplate has none. Light falls from the upper left in every plate. The density of the hatching is identical regardless of subject size. No lettering, no caption, no signature, no border, no frame, no vignette. Flat on the page, no paper texture, no ageing, no stains, no torn edges. A bust portrait, head and shoulders, cut off at the chest. Plain white ground behind. The face is fully drawn as a specific individual: eyes with visible irises and a defined direction of gaze, individual bone structure at the brow, nose and jaw, and a settled expression that reads as character rather than emotion. Age is rendered explicitly in the flesh — where the record notes an aged subject, the lines, hollows and slackness must be unmistakable. Subject: a Nord of the northern province, slight build, facing the viewer squarely. This is the face of a person past sixty. bare-headed, long hair falling past the shoulders, wearing a heavy wool robe. Holding a sprig of dried herb, small, at the lower edge. Aspect ratio 2:3 (portrait).
人物図版	holdHjaalmarch-2	58	モーサル／アスラン	VIII 領邦・宮廷	62×93mm	2:3	Copperplate engraving, line art only. Pure black ink on a plain white ground — no grey wash, no colour, no gradients. Tone is built solely from engraved hatching: parallel burin lines, cross-hatching at 54 degrees for the darker passages, a third pass at 108 degrees only for the darkest. Every line swells at its middle and tapers at both ends, as a burin cuts. No solid black areas — a copperplate has none. Light falls from the upper left in every plate. The density of the hatching is identical regardless of subject size. No lettering, no caption, no signature, no border, no frame, no vignette. Flat on the page, no paper texture, no ageing, no stains, no torn edges. A bust portrait, head and shoulders, cut off at the chest. Plain white ground behind. The face is fully drawn as a specific individual: eyes with visible irises and a defined direction of gaze, individual bone structure at the brow, nose and jaw, and a settled expression that reads as character rather than emotion. Age is rendered explicitly in the flesh — where the record notes an aged subject, the lines, hollows and slackness must be unmistakable. Subject: a feline-headed khajiit with upright ears, ordinary build, turned a quarter to the left. This is the face of a person in their forties. a deep cloth hood, no visible hair, wearing a heavy wool robe. Holding a quill pen, small, at the lower edge. Aspect ratio 2:3 (portrait).
人物図版	holdHjaalmarch-3	58	モーサル／ファレルダ	VIII 領邦・宮廷	62×93mm	2:3	Copperplate engraving, line art only. Pure black ink on a plain white ground — no grey wash, no colour, no gradients. Tone is built solely from engraved hatching: parallel burin lines, cross-hatching at 54 degrees for the darker passages, a third pass at 108 degrees only for the darkest. Every line swells at its middle and tapers at both ends, as a burin cuts. No solid black areas — a copperplate has none. Light falls from the upper left in every plate. The density of the hatching is identical regardless of subject size. No lettering, no caption, no signature, no border, no frame, no vignette. Flat on the page, no paper texture, no ageing, no stains, no torn edges. A bust portrait, head and shoulders, cut off at the chest. Plain white ground behind. The face is fully drawn as a specific individual: eyes with visible irises and a defined direction of gaze, individual bone structure at the brow, nose and jaw, and a settled expression that reads as character rather than emotion. Age is rendered explicitly in the flesh — where the record notes an aged subject, the lines, hollows and slackness must be unmistakable. Subject: a Nord of the northern province, ordinary build, turned in profile to the left. This is the face of a person in their thirties. bare-headed, a single heavy braid, wearing a studded leather jerkin. a scar across one cheek. Holding a short oar, small, at the lower edge. Aspect ratio 2:3 (portrait).
